,location,text,hashtags,date
0,Ya Dreams‚ù§Ô∏è,RT @itscesaryo: celebrities making singing videos as corona virus now tops over 230k cases worldwide  https://t.co/HPVjPn2fso,[],2020-03-20 16:04:26
1,"Atlanta, GA",RT @tourdecarlos: Did y‚Äôall president just call corona the ‚ÄúChinese virus‚Äù?????? https://t.co/0Nu1dDoiwX,[],2020-03-20 16:04:26
2,,RT @SurinderBir1: @amitandon @NAN_DINI_ Corona is only another link in chain. India started suffering right from the moment Nehru came on s‚Ä¶,[],2020-03-20 16:04:26
3,"Carson, CA",RT @gherbo: WHEN I HEARD KD HAD CORONA VIRUSüòî @nba YALL BETTER GET TO THE BOTTOM OF THIS SHIT ASAP‚ÄºÔ∏è https://t.co/VpU5Q7tRp5,[],2020-03-20 16:04:26
4,,"RT @krystalball: If you care about the outrageous immorality of this now, please also care about it as it applies to every illness every da‚Ä¶",[],2020-03-20 16:04:26
5,,RT @manakgupta: UP police to register FIR against #KanikaKapoor for putting others at risk of #Corona @news24tvchannel,"[{'text': 'KanikaKapoor', 'indices': [50, 63]}, {'text': 'Corona', 'indices': [94, 101]}]",2020-03-20 16:04:26
6,Belgi√´,"RT @maysssss_: Can I at least have one of those before corona kills me 
 https://t.co/BQOHxL5tXN",[],2020-03-20 16:04:26
7,Pakistan,The only way to fight against any battle is you must have good connection with Allah Almighty !! üíñüáµüá∞‚Ä¶ https://t.co/FDPDhN4MYo,[],2020-03-20 16:04:26
8,,"RT @BernieSanders: Right now 87 million Americans are uninsured or underinsured.

Our profit-driven health care system is a danger to our p‚Ä¶",[],2020-03-20 16:04:27
9,‚ôçÔ∏é‚òâ‚Ä¢‚ôëÔ∏é‚òΩ‚Ä¢‚ôäÔ∏é‚Üë,RT @itscesaryo: celebrities making singing videos as corona virus now tops over 230k cases worldwide  https://t.co/HPVjPn2fso,[],2020-03-20 16:04:27
10,,RT @tasha__koh: Please do not have sexual intercourse infront of your children for this will then be their ‚Äúnormal‚Äù and god knows in what w‚Ä¶,[],2020-03-20 16:04:27
11,,RT @Getthebagcoach: Dawg y‚Äôall funny man..... This Corona got y‚Äôall being creative .. https://t.co/Ax5oFFPlnB,[],2020-03-20 16:04:27
12,"Uttar Pradesh, India","RT @theskindoctor13: Shaheen Bagh is still on.

Mosques are open.

MuIIahs are saying Corona won't harm if you read qalma.

Tiktokiye are m‚Ä¶",[],2020-03-20 16:04:27
13,,"RT @K_JeanPierre: It‚Äôs not only racist but deliberate. For those who believe, he says whatever comes to mind ‚Äî- well, here is proof that it‚Ä¶",[],2020-03-20 16:04:27
14,"Zurich, Switzerland",Maintaining the stability of all SWITCH services is our top priority. This info page provides ongoing updates on th‚Ä¶ https://t.co/I0tlRiSw2x,[],2020-03-20 16:04:27
15,New York,The Roles Kanye West Has Been Playing To Fight Against Corona Virus ----&gt; https://t.co/yTYZJiWpLX #SAHipHopMag https://t.co/deWIPrmRmC,"[{'text': 'SAHipHopMag', 'indices': [101, 113]}]",2020-03-20 16:04:27
16,@Somerset House @Battersea_Art,"RT @BrianBVSC: I've just signed @sccoalition's letter to @BorisJohnson, asking for urgent financial support for the non-profit sector. Many‚Ä¶",[],2020-03-20 16:04:27
17,Blessed to be an INDIAN,"RT @Dt_Ritika: Being a cancer patient i am scared of COVID-19. 
If you catch Corona you may recover but people like us who are immunodefici‚Ä¶",[],2020-03-20 16:04:27
18,Earth,"RT @theskindoctor13: Shaheen Bagh is still on.

Mosques are open.

MuIIahs are saying Corona won't harm if you read qalma.

Tiktokiye are m‚Ä¶",[],2020-03-20 16:04:27
19,"Illinois, USA","RT @meaganmday: Less than a week ago Joe Biden insisted there‚Äôs no connection between single-payer healthcare and coronavirus, while Chris‚Ä¶",[],2020-03-20 16:04:27
20,"Sabalgarh, India",RT @narendramodi: Speed and precision have been the forte of these excellent players. Time for India to act speedily and methodically to co‚Ä¶,[],2020-03-20 16:04:27
21,"Pune, Maharashtra, India","RT @amitandon: Corona has proven that India's  bigger problem is not illiteracy, it is stupidity of literate people",[],2020-03-20 16:04:27
22,Medan,It aint stupid if it works https://t.co/l1Jekak1PP,[],2020-03-20 16:04:27
23,Chennai,"RT @Dt_Ritika: Being a cancer patient i am scared of COVID-19. 
If you catch Corona you may recover but people like us who are immunodefici‚Ä¶",[],2020-03-20 16:04:28
24,,"RT @theskindoctor13: Shaheen Bagh is still on.

Mosques are open.

MuIIahs are saying Corona won't harm if you read qalma.

Tiktokiye are m‚Ä¶",[],2020-03-20 16:04:28
25,,RT @unoffarnab: Not a hospital. This is Cochin International Airport. A section of the solar carport is being utilised for the parking of a‚Ä¶,[],2020-03-20 16:04:28
26,Not here,They dumb asses gon b like ‚Äú is life supposed to stop? ‚Äú https://t.co/UKpsbpN2gk,[],2020-03-20 16:04:28
27,"New Delhi, India","RT @theskindoctor13: Shaheen Bagh is still on.

Mosques are open.

MuIIahs are saying Corona won't harm if you read qalma.

Tiktokiye are m‚Ä¶",[],2020-03-20 16:04:28
28,,RT @fcukyuow: Breaking News: Figure of confirmed Corona virus cases in sindh just crossed total votes of @MJibranNasir in 2018 GE.,[],2020-03-20 16:04:28
29,South Africa,The Roles Kanye West Has Been Playing To Fight Against Corona Virus ----&gt; https://t.co/ZCMgsiQrRI #SAHipHopMag https://t.co/kkkGhuerFR,"[{'text': 'SAHipHopMag', 'indices': [101, 113]}]",2020-03-20 16:04:28
30,,"RT @zoo_bear: What is the mandatory corona screening at Airport?  Thermal scanning? Many who came back from China, France, London, Italy, U‚Ä¶",[],2020-03-20 16:04:28
31,,RT @bIondiewasabi: this man‚Äôs piss could stop corona,[],2020-03-20 16:04:28
32,The Hell ,RT @MLKChefLean: Sharing this because corona  https://t.co/ofBDQE58RJ,[],2020-03-20 16:04:28
33,"Georgia, USA",Praying this Corona Virus ends soon &amp; we can get our economy back booming like never before! Proud of our president‚Ä¶ https://t.co/FOiXdVBGSg,[],2020-03-20 16:04:28
34,,RT @zairfulradzuan: everyone coming out of corona as barista,[],2020-03-20 16:04:28
35,India,"RT @6Bblu: @desh_bhkt @Javedakhtarjadu When you realise #Corona is closer to you than you assumed,  like #KanikaKapoor and above 65 are at‚Ä¶","[{'text': 'Corona', 'indices': [56, 63]}, {'text': 'KanikaKapoor', 'indices': [105, 118]}]",2020-03-20 16:04:28
36,harry / troye,corona virus before going into that bat and stopping the whole world https://t.co/6Jgo3Tfhme,[],2020-03-20 16:04:28
37,Rexdale,RT @gherbo: WHEN I HEARD KD HAD CORONA VIRUSüòî @nba YALL BETTER GET TO THE BOTTOM OF THIS SHIT ASAP‚ÄºÔ∏è https://t.co/VpU5Q7tRp5,[],2020-03-20 16:04:28
38,,@realDonaldTrump @SecPompeo ITS CALLED THE CORONA VIRUS,[],2020-03-20 16:04:28
39,Hogwarts,RT @itscesaryo: celebrities making singing videos as corona virus now tops over 230k cases worldwide  https://t.co/HPVjPn2fso,[],2020-03-20 16:04:28
40,India,"RT @gkd600: No more spreading Rumors. This is the official website for CORONA updates.   Updating every 4 hrs..  
Keep This link  for getti‚Ä¶",[],2020-03-20 16:04:28
41,"Here, there and everywhere",RT @tifflovesoils: Here is my corona saga. Woke up yesterday with fever dry cough and my chest hurt. I have severe lung damage from a pneum‚Ä¶,[],2020-03-20 16:04:29
42,"New Delhi, INDIA",RT @bainjal: That son of a top official in West Bengal &amp; Kanika Kapoor both dodged mandatory corona screening. This is all you need to know‚Ä¶,[],2020-03-20 16:04:29
43,Milano,"RT @SyedRezaMehdi: This is a #Corona patient. He was a delivery boy, his lungs are damaged. Please don‚Äôt take #Covid_19 lightly. Social dis‚Ä¶","[{'text': 'Corona', 'indices': [29, 36]}, {'text': 'Covid_19', 'indices': [110, 119]}]",2020-03-20 16:04:29
44,"Berkeley, CA","RT @AOC: We need to cover 100% of the costs of uninsured &amp; underinsured people right now.

Not just Coronavirus bills, either - getting sic‚Ä¶",[],2020-03-20 16:04:29
45,South Africa...üî•üî•üî•,"RT @opinionisticity: Nothing will ever be the same after Covid19, with escalating destructive effect, chances of disaster aid from abroad t‚Ä¶",[],2020-03-20 16:04:29
46,,RT @MLKChefLean: Sharing this because corona  https://t.co/ofBDQE58RJ,[],2020-03-20 16:04:29
47,Can Yaman's beard,"I actually had all the symptoms of corona back in October.

Friday - sore throat and slight cough
Saturday - woke u‚Ä¶ https://t.co/ryXVoYCquL",[],2020-03-20 16:04:29
48,"Jodhpur, India","RT @SmokingSkills_: Daughter of an IAS, son of a Kolkata officer, son of Railway official, and a famous elite singer. All these are very in‚Ä¶",[],2020-03-20 16:04:29
49,,RT @DivyaSoti: Not a single news channel is going to dare broadcast the news that Saudi Arabia has suspended Friday prayers in Mecca and Me‚Ä¶,[],2020-03-20 16:04:29
50,,QUE? kasdkakd https://t.co/Kq9LyGg6xO,[],2020-03-20 16:04:29
51,"Texas, USA",RT @Steffeazy: Your Contagious üò∑ the Corona Edition https://t.co/TvgjmVPE4d,[],2020-03-20 16:04:29
52,"North Carolina, USA",RT @sanabucha: 51 new Corona cases in Sindh. Locally transmitted. #CMSindh advises 3 days of #SelfIsolation Please do your part. For your o‚Ä¶,"[{'text': 'CMSindh', 'indices': [66, 74]}, {'text': 'SelfIsolation', 'indices': [93, 107]}]",2020-03-20 16:04:29
53,waynes world,RT @MrlondonTV: This whole corona thing is mentally draining man.,[],2020-03-20 16:04:29
54,South Africa,The Roles Kanye West Has Been Playing To Fight Against Corona Virus ----&gt; https://t.co/OMuq5RFTVI #SAHipHopMag https://t.co/GMMt76pAW0,"[{'text': 'SAHipHopMag', 'indices': [101, 113]}]",2020-03-20 16:04:29
55,,"RT @mrnoelsean: Power üåü Corona Awareness Video  
#Powerstar #PawanKalyan #JanataCurfew #JanataCurfewMarch22 https://t.co/ukkiXm6y9h","[{'text': 'Powerstar', 'indices': [49, 59]}, {'text': 'PawanKalyan', 'indices': [60, 72]}, {'text': 'JanataCurfew', 'indices': [73, 86]}, {'text': 'JanataCurfewMarch22', 'indices': [87, 107]}]",2020-03-20 16:04:29
56,Kolep.,RT @MLKChefLean: Sharing this because corona  https://t.co/ofBDQE58RJ,[],2020-03-20 16:04:29
57,"Brooklyn, NY","SEE!  I been saying that corona been around, I def had that shit already cuz I had a nasty cough in January.  I tho‚Ä¶ https://t.co/3ATFdJ3QtX",[],2020-03-20 16:04:29
58,,"RT @MABIN2_: Corona please. We are tired, we get it.",[],2020-03-20 16:04:29
59,Kya farq padta hai,"RT @theskindoctor13: Shaheen Bagh is still on.

Mosques are open.

MuIIahs are saying Corona won't harm if you read qalma.

Tiktokiye are m‚Ä¶",[],2020-03-20 16:04:29
60,,RT @itscesaryo: celebrities making singing videos as corona virus now tops over 230k cases worldwide  https://t.co/HPVjPn2fso,[],2020-03-20 16:04:29
61,India,"RT @narendramodi: Explosive batsmen who've seen teams through crises have something to say to us.

We too will come together to fight COVID‚Ä¶",[],2020-03-20 16:04:29
62,ü§∑üèΩ‚Äç‚ôÄÔ∏è,@CrazyCari97 Wull ummm... Corona got us all changing our plans https://t.co/z1uRK1Rpqq,[],2020-03-20 16:04:29
63,"Gurugram, Bharat","RT @narendramodi: The young actors have something to say..

Its time to be 'Zyada Savdhan' and do 'Corona ka Punchnama'! #IndiaFightsCorona‚Ä¶","[{'text': 'IndiaFightsCorona', 'indices': [121, 139]}]",2020-03-20 16:04:29
64,"Hyderabad, India","@GHMCOnline @CPHydCity @MinisterKTR @Eatala_Rajender 
I think all restaurants must be closed in Hyderabad, which re‚Ä¶ https://t.co/xdthfNZb1k",[],2020-03-20 16:04:29
65,‡§Ü‡§™‡§ï‡•Ä ‡§π‡§Å‡§∏‡•Ä ‡§Æ‡•á‡§Ç,RT @bainjal: Kanika Kapoor sings special song for PM Modi at UK‚Äôs Wembley Stadium https://t.co/GiMYeo7G04 is this why Kapoor escaped mandat‚Ä¶,[],2020-03-20 16:04:30
66,"Johannesburg, South Africa","Our partnership continues, based on the door to door campaign we took a stand to postpone it until we sure and clea‚Ä¶ https://t.co/UBUIagmfwL",[],2020-03-20 16:04:29
67,htx,RT @joshieyamaguchi: corona sis you leaving by may right? https://t.co/vwDdLhmAwz,[],2020-03-20 16:04:30
68,,RT @Nigel_Farage: The government needs to do things like this fast.,[],2020-03-20 16:04:30
69,PNWonderland,"RT @BernieSanders: Right now 87 million Americans are uninsured or underinsured.

Our profit-driven health care system is a danger to our p‚Ä¶",[],2020-03-20 16:04:30
70,"Fort Mill, SC",RT @gherbo: WHEN I HEARD KD HAD CORONA VIRUSüòî @nba YALL BETTER GET TO THE BOTTOM OF THIS SHIT ASAP‚ÄºÔ∏è https://t.co/VpU5Q7tRp5,[],2020-03-20 16:04:30
71,India,"RT @narendramodi: The young actors have something to say..

Its time to be 'Zyada Savdhan' and do 'Corona ka Punchnama'! #IndiaFightsCorona‚Ä¶","[{'text': 'IndiaFightsCorona', 'indices': [121, 139]}]",2020-03-20 16:04:30
72,,You know this corona shit has gone too far when ur gf asks ‚Äúr u sure we should be kissing‚Äù FUCK,[],2020-03-20 16:04:30
73,"New York, NY","@charliekirk11 Hey dickhead! It's called the Corona virus or the Novel corona virus or COVID-19.

Use the right nam‚Ä¶ https://t.co/gpAMG2eTR8",[],2020-03-20 16:04:30
74,,"@reiznacosplay @HelloKimmyCos do you dumbasses live under a rock and not know of the ""corona-chan"" meme oc???",[],2020-03-20 16:04:30
75,ŸÑÿßÿ¶ŸÑ ŸæŸàÿ±,RT @farahnisrinaa_: corona makes our relationship with family stronger :)),[],2020-03-20 16:04:30
76,ü™ê,RT @itscesaryo: celebrities making singing videos as corona virus now tops over 230k cases worldwide  https://t.co/HPVjPn2fso,[],2020-03-20 16:04:30
77,Malaysia,RT @zairfulradzuan: everyone coming out of corona as barista,[],2020-03-20 16:04:30
78,Los Angeles,Chaser https://t.co/Wtsl6gjlu9,[],2020-03-20 16:04:30
79,,"Corona live: Many politicians self-isolate amid fears over singer Kanika's infection
 https://t.co/wGk18DrWI3
Downl‚Ä¶ https://t.co/Qy3XthbBmF",[],2020-03-20 16:04:30
80,gkg ‚öîÔ∏è,"RT @de2theJay: Corona virus symptoms:

*fever
*cough
*difficulty breathing
*pneumonia in both lungs

Everyone: buys toilet paper",[],2020-03-20 16:04:30
81,"Pune, India","RT @amitandon: Corona has proven that India's  bigger problem is not illiteracy, it is stupidity of literate people",[],2020-03-20 16:04:30
82,"Johannesburg, South Africa",The Roles Kanye West Has Been Playing To Fight Against Corona Virus ----&gt; https://t.co/MFXFeO8gc1 #SAHipHopMag https://t.co/txjb6pz4OW,"[{'text': 'SAHipHopMag', 'indices': [101, 113]}]",2020-03-20 16:04:30
83,,"And now I have seen your stupidity ü§∑
Who the fk told you  that STDs and STIs are the joke üòí
Now I see where you lie‚Ä¶ https://t.co/HyhajoxL8Y",[],2020-03-20 16:04:30
84,WorldWide üí∞,"RT @DenzelHD: God is Bigger than Corona virus
God is Bigger than Corona virus
God is Bigger than Corona virus
God is Bigger than Corona vir‚Ä¶",[],2020-03-20 16:04:30
85,,RT @StevenFulop: Reading about the Corona Virus Relief Bills in DC. Seems like they‚Äôre proposals have tax breaks for large corporations + f‚Ä¶,[],2020-03-20 16:04:30
86,‡§Ö‡§Ø‡•ã‡§ß‡•ç‡•ü‡§æ,"RT @theskindoctor13: Shaheen Bagh is still on.

Mosques are open.

MuIIahs are saying Corona won't harm if you read qalma.

Tiktokiye are m‚Ä¶",[],2020-03-20 16:04:30
87,"Adirondacks, New York","RT @jacobinmag: Medicare for All would not have saved us from this disaster, but it would‚Äôve softened the blow. The global public health cr‚Ä¶",[],2020-03-20 16:04:30
88,,RT @chandansadhu: This lady from #Mohali was tested positive for Corona.These confirmed cases of Corona virus not cooperating with health c‚Ä¶,"[{'text': 'Mohali', 'indices': [33, 40]}]",2020-03-20 16:04:30
89,,RT @pattonoswalt: this incompetent racist asshole,[],2020-03-20 16:04:28
90,4three4,trump calling the corona virus the chinese/china virus is just ignorant and racist,[],2020-03-20 16:04:30
91,,"RT @AOC: We need to cover 100% of the costs of uninsured &amp; underinsured people right now.

Not just Coronavirus bills, either - getting sic‚Ä¶",[],2020-03-20 16:04:30
92,"Faislabad,Punjab,Pakistan","RT @aosamatahir: We Have Won The War Against Terrorism Now The Need Of Time By Knowing Our Responsibilities like Wash Hands With Sanitizer,‚Ä¶",[],2020-03-20 16:04:30
93,"Jamboo dweepe, Bharatavarshe, ",RT @ChickenBiryanii: Kanika Kapoor played a best victim card üòÇüòÇ She just told @sardanarohit that she is a single mother and hence she is ge‚Ä¶,[],2020-03-20 16:04:30
94,"OP, KS","RT @BillKristol: Those who could ‚Äústand up to Trump and protect the American people...were too worried about their pocketbooks, access, or‚Ä¶",[],2020-03-20 16:04:30
95,South Africa,The Roles Kanye West Has Been Playing To Fight Against Corona Virus ----&gt; https://t.co/OPGY3COdJK #SAHipHopMag,"[{'text': 'SAHipHopMag', 'indices': [101, 113]}]",2020-03-20 16:04:30
96,"Hyderabad, India","RT @amitandon: Corona has proven that India's  bigger problem is not illiteracy, it is stupidity of literate people",[],2020-03-20 16:04:30
97,410,"I think the flu I had a couple weeks ago was corona, I had all the symptoms and was dead for like 4 days",[],2020-03-20 16:04:30
98,845,RT @solacing: Whole Lotta Red is the cure for corona virus,[],2020-03-20 16:04:30
99,Youtube Comments Section ,Me and my household now buy things with our own baskets and co. Dont touch me pls just drop it in thanks amen https://t.co/qUdNtppYkY,[],2020-03-20 16:04:30
100,,"@JulieBorowski I just call it the ‚Äúvirus‚Äù now,  because we drink Corona here,  frankly I think our consumption is h‚Ä¶ https://t.co/rnRIqHlEgT",[],2020-03-20 16:04:31
101,‡§≠‡§æ‡§∞‡§§,"RT @BhaavnaArora: Love is in the air, Corona Virus is in the air but Kunal Kamra ain‚Äôt! üòù",[],2020-03-20 16:04:31
102,"Tulsa, OK",RT @WaywardWinifred: I really don't know who needs to hear this but Joe Biden does not support #MedicareForAll. https://t.co/PvIOCAflaA,"[{'text': 'MedicareForAll', 'indices': [95, 110]}]",2020-03-20 16:04:31
103,,"RT @TeaPainUSA: You can't help but respect the irony.  One month ago, the Trump administration claimed the virus was ""fully contained"", the‚Ä¶",[],2020-03-20 16:04:31
104,"Bloemfontein, South Africa",RT @danielmarven: At least now ladies will be fingerd with clean hands.. Corona ya tla ya thusa hlee,[],2020-03-20 16:04:31
105,üá∫üá∏,"RT @continetti: To prevent a medical catastrophe, authorities have guaranteed an economic one. Is American society prepared for the fallout‚Ä¶",[],2020-03-20 16:04:31
106,,"RT @matthewstoller: China effectively committed a war crime against its own people, and then the rest of the world. Now it's attacking anyo‚Ä¶",[],2020-03-20 16:04:31
107,He/him,My feet have been smelling WHACK recently is that a symptom of Corona,[],2020-03-20 16:04:31
108,"Haridwar, India","RT @amitandon: Corona has proven that India's  bigger problem is not illiteracy, it is stupidity of literate people",[],2020-03-20 16:04:31
109,Gurgaon and New Delhi,RT @chandansadhu: This lady from #Mohali was tested positive for Corona.These confirmed cases of Corona virus not cooperating with health c‚Ä¶,"[{'text': 'Mohali', 'indices': [33, 40]}]",2020-03-20 16:04:31
110,‡§≠‡§æ‡§∞‡§§,RT @Ra_Bies: I wonder why celebs can‚Äôt live a normal life. Look at Rishi Kapoor‚Äôs 3 daughters- Karishma married a two time divorcee Sanjay‚Ä¶,[],2020-03-20 16:04:31
111,ryan@mewefree.com,"RT @abbyvesoulis: An uninsured COVID-19 patient just got her medical bill: $34,927.43. @abbyabrams has the story. https://t.co/jOPJJ4VqKG",[],2020-03-20 16:04:31
112,,This was really @megamllions_ üòÇüòÇ https://t.co/ynVIruCMBz,[],2020-03-20 16:04:31
113,"Lucknow, India",RT @TheOceanVibes: All those corona jokes are okay but don't take corona as a joke!,[],2020-03-20 16:04:31
114,Assam,"RT @amitandon: Corona has proven that India's  bigger problem is not illiteracy, it is stupidity of literate people",[],2020-03-20 16:04:31
115,,I‚Äôm not freaking out too bad over this whole corona virus thing but you know you have anxiety when you feel like yo‚Ä¶ https://t.co/bKVONB4Ezt,[],2020-03-20 16:04:31
116,India,"RT @alok_bhatt: One person sent to quarantine travelled to Dehradun m, stayed in Doon hotel for 3 days, went back to Faridabad- diagnosed C‚Ä¶",[],2020-03-20 16:04:31
117,,RT @itscesaryo: celebrities making singing videos as corona virus now tops over 230k cases worldwide  https://t.co/HPVjPn2fso,[],2020-03-20 16:04:31
118,Basilwether Hall,RT @eats_shasha: here's an attitude maris racal willing to cheer u up HAAHAHAHAHAHA faqin' corona virus https://t.co/xIGYfQ3C87,[],2020-03-20 16:04:31
119,New York City,"RT @abbyvesoulis: An uninsured COVID-19 patient just got her medical bill: $34,927.43. @abbyabrams has the story. https://t.co/jOPJJ4VqKG",[],2020-03-20 16:04:31
120,United States,"@realDonaldTrump CORONA VIRUS IS NOT A FUCKING WAR, IS A HEALTH SITUATION. 
FUCKING MORON!

#coronavirus‚Ä¶ https://t.co/DE8kVCSm7S","[{'text': 'coronavirus', 'indices': [92, 104]}]",2020-03-20 16:04:31
121,"Los Angeles, CA","RT @ioproducer: There was a nasty flu that went round in December / early Jan. I‚Äôm telling you, that was corona. Bare ppl were sick (includ‚Ä¶",[],2020-03-20 16:04:31
122,Kenya,"@Railajunior Where is the old man? Did reggae stop, ama corona ilisimamisha",[],2020-03-20 16:04:31
123,Valh√∂ll,@PressSec The pandemic won't stop Stephanie from cracking open a few Corona's and going for a ride.,[],2020-03-20 16:04:32
124,"Texas, USA",All citizens should sue the government for criminal negligence in a pandemic and not be responsible for these ridic‚Ä¶ https://t.co/uB3cZe5Icl,[],2020-03-20 16:04:32
125,"New Delhi, India","""Delhi government will pay salaries to all contract workers, daily wage labourers, guest teachers etc those whose o‚Ä¶ https://t.co/2U6Ugj4YBX",[],2020-03-20 16:04:32
126,Yaoi-World,"Corona be like
https://t.co/ACg7OJHJr8",[],2020-03-20 16:04:32
127,,I'd rather take my Charles Dances at home. https://t.co/LpZDiSZjhO,[],2020-03-20 16:04:32
128,"Vestavia Hills, AL",RT @ResisterForever: Arrrrrrrgh.....I hate him with every fiber of my being.  https://t.co/zXZclmcrYT,[],2020-03-20 16:04:32
129,,"RT @CandiceBenbow: This is Generation Z. 

I want to name that because folks love calling everybody 40 and under Millennials.

Millennials‚Ä¶",[],2020-03-20 16:04:32
130,"Washington, DC","RT @BernieSanders: Right now 87 million Americans are uninsured or underinsured.

Our profit-driven health care system is a danger to our p‚Ä¶",[],2020-03-20 16:04:32
131,,"RT @JStein_WaPo: One of 30 million uninsured Americans gets $35,000 medical bill for coronavirus treatment
https://t.co/Uvm9lk6Qk2",[],2020-03-20 16:04:32
132,"Hyderabad, India","RT @amitandon: Corona has proven that India's  bigger problem is not illiteracy, it is stupidity of literate people",[],2020-03-20 16:04:32
133,,Add 9013151515 in your contact list and send HI..  message in whatsapp. You will get awerness message and up-to date message about corona.,[],2020-03-20 16:04:32
134,"Alabama, USA","RT @WNThomas_: Fuck the corona , the pollen is back ü§¶üèæ‚Äç‚ôÇÔ∏è",[],2020-03-20 16:04:32
135,"Chennai,Tamil Nadu","RT @amitandon: Corona has proven that India's  bigger problem is not illiteracy, it is stupidity of literate people",[],2020-03-20 16:04:32
136,,"RT @GameOnJD: I guess you missed the fact that Diane Feinstein sold more stock in the same time frame than each of those three COMBINED.

Y‚Ä¶",[],2020-03-20 16:04:32
137,Jamaica ,"KFC a send sms that‚Äôs how you know this corona thing a mash up the business, KFC weh ever ram packed",[],2020-03-20 16:04:32
138,,I've just signed a petition urging @DominicRaab to organise repatriation flights for British citizens stranded in P‚Ä¶ https://t.co/eJ5rzcsLJK,[],2020-03-20 16:04:32
139,,RT @joshieyamaguchi: corona sis you leaving by may right? https://t.co/vwDdLhmAwz,[],2020-03-20 16:04:33
140,Australia,@pyrrhamid Oh right. The whole corona. Maybe try again during school hours if you're calling outside of school hours,[],2020-03-20 16:04:33
141,,"RT @amitandon: Corona has proven that India's  bigger problem is not illiteracy, it is stupidity of literate people",[],2020-03-20 16:04:33
142,,RT @joshieyamaguchi: corona sis you leaving by may right? https://t.co/vwDdLhmAwz,[],2020-03-20 16:04:33
143,,"@_MenaRD__ The Corona virus has overtaken the Dominican republic's city completely, it is time to play so much now",[],2020-03-20 16:04:33
144,,RT @WaywardWinifred: I really don't know who needs to hear this but Joe Biden does not support #MedicareForAll.,"[{'text': 'MedicareForAll', 'indices': [95, 110]}]",2020-03-20 16:04:33
145,schawt heart,"RT @CandiceBenbow: This is Generation Z. 

I want to name that because folks love calling everybody 40 and under Millennials.

Millennials‚Ä¶",[],2020-03-20 16:04:33
146,IATA: CGK,"RT @nisatyas: When pak Topo was in charge, HE was the influencer.",[],2020-03-20 16:04:33
147,,@SecPompeo continuing the racist bs. It‚Äôs called corona virus or covid19.,[],2020-03-20 16:04:33
148,,"RT @abbyvesoulis: An uninsured COVID-19 patient just got her medical bill: $34,927.43. @abbyabrams has the story. https://t.co/jOPJJ4VqKG",[],2020-03-20 16:04:33
149,TX,@Imstilltoofly__ Right?! And she posted this to her IG stories. Let me catch that ho in public and I‚Äôm going full b‚Ä¶ https://t.co/jwsgd3QWMl,[],2020-03-20 16:04:33
150,,"RT @ChudiVally: If I was a doctor in Nigeria, I wouldn't give treatment to anyone who comes in sick of chloroquine 
Whoever is foolish enou‚Ä¶",[],2020-03-20 16:04:33
151,,"RT @AamAadmiParty: ""Delhi government will pay salaries to all contract workers, daily wage labourers, guest teachers etc those whose office‚Ä¶",[],2020-03-20 16:04:33
152,Jamaica,RT @95Lattie: Keep big dance lol,[],2020-03-20 16:04:33
153,‚öìÔ∏è,"RT @JamesNdu_: Quick question, is Corona Virus fumbling your bag?",[],2020-03-20 16:04:33
154,India ,Absolutely. Entitled arrogance. https://t.co/LRcAxxPvDs,[],2020-03-20 16:04:33
155,London,RT @_pinapl: first church service after corona dies down üòç&gt;&gt;&gt;&gt;&gt;&gt;&gt;&gt;,[],2020-03-20 16:04:33
156,K√∂ln,"Corona Update 20.03.2020, 17:00 https://t.co/XYyeYuH8jX",[],2020-03-20 16:04:33
157,,"@_TheBabashook WHO said the FLU was more contagious than this corona

Right now only 0.002% of the US population is‚Ä¶ https://t.co/vyZdkz6csE",[],2020-03-20 16:04:33
158,"Islamabad, Pakistan","RT @GFarooqi: (Part 1) An EXCELLENT video from China - a must watch for Govts, Politiciand AND people - how to fight COVID-19 together! 

A‚Ä¶",[],2020-03-20 16:04:33
159,India,RT @ChickenBiryanii: Kanika Kapoor played a best victim card üòÇüòÇ She just told @sardanarohit that she is a single mother and hence she is ge‚Ä¶,[],2020-03-20 16:04:33
160,multi - she/her,no rites during corona... they basically got everything in there houses,[],2020-03-20 16:04:33
161,"Cassop, England",RT @carter056990: Champion i love corona,[],2020-03-20 16:04:34
162,"Victoria Island, Nigeria","RT @dino_melaye: Uni of Hamburg data
On deaths in d world in Jan &amp; Feb of 2020

      2360 :Corona virus
      69602 :Common cold
      140‚Ä¶",[],2020-03-20 16:04:34
163,"Swoyersville, PA",THIS IS UNACCEPTABLE!!!!!! What say you @realDonaldTrump ?????  @GOP ?????? https://t.co/VRMOlPkV1v,[],2020-03-20 16:04:34
164,welcome to the jungle,RT @periiodt: i know i shouldn‚Äôt laugh at corona jokes and memes but........... https://t.co/RycS0YwwUz,[],2020-03-20 16:04:34
165,Riyadh,"RT @Noor_Albasrii: Really hate how Corona is cancelling my plans, I'd rather say ""my mom said no""",[],2020-03-20 16:04:34
166,mississippi,"RT @abbyvesoulis: An uninsured COVID-19 patient just got her medical bill: $34,927.43. @abbyabrams has the story. https://t.co/jOPJJ4VqKG",[],2020-03-20 16:04:34
167,"Mumbai, India","Yes we can and we will make history by conquerering Corona!
When the 300 families,  the loving parents and grand pa‚Ä¶ https://t.co/5CFGqLVfkv",[],2020-03-20 16:04:34
168,,"RT @Vijayabaskarofl: #coronaupdate: 2 more Corona testing centers approved for Tamilnadu by @MoHFW_INDIA, Coimbatore Med.Col Hospital &amp; RGG‚Ä¶","[{'text': 'coronaupdate', 'indices': [21, 34]}]",2020-03-20 16:04:34
169,"Los Angeles, CA","RT @BernieSanders: Right now 87 million Americans are uninsured or underinsured.

Our profit-driven health care system is a danger to our p‚Ä¶",[],2020-03-20 16:04:34
170,Kenya,@warimikarogo The only thing bigger than corona right now is the ooof size in this replyü§£ü§£ü§£ü§£ü§£ü§£ü§£ü§£ü§£,[],2020-03-20 16:04:34
171,"Ahmadabad City, India",@nitinbhatia121 NGO to save suffering humanity from Corona,[],2020-03-20 16:04:34
172,Lexington Kentucky,RT @gherbo: WHEN I HEARD KD HAD CORONA VIRUSüòî @nba YALL BETTER GET TO THE BOTTOM OF THIS SHIT ASAP‚ÄºÔ∏è https://t.co/VpU5Q7tRp5,[],2020-03-20 16:04:34
173,,"RT @BernieSanders: Right now 87 million Americans are uninsured or underinsured.

Our profit-driven health care system is a danger to our p‚Ä¶",[],2020-03-20 16:04:34
174,bh/sp,"RT @LatuffCartoons: Sorry Hen, could't resist to highlight the great hipocrisy of a former IDF soldier asking people to sing ""Imagine"" whil‚Ä¶",[],2020-03-20 16:04:34
175,"Rajasthan, India",RT @Atheist_Krishna: Time Traveller?,[],2020-03-20 16:04:34
176,Hong Kong,"RT @AndersFoghR: We must bring Taiwan fully into the @WHO now. 

To date, Taiwan has around 100 cases of #COVID2019 despite its proximity t‚Ä¶","[{'text': 'COVID2019', 'indices': [105, 115]}]",2020-03-20 16:04:34
177,"Chennai, India",@RangarajPandeyR CORONA VIRUS. UPDATE @ IF ITS TRUE THEN PLS SAVE THE PEOPLE https://t.co/wYhz1qQHxo,[],2020-03-20 16:04:33
178,Australia,RT @pattonoswalt: this incompetent racist asshole https://t.co/xrEh1klVt8,[],2020-03-20 16:04:34
179,dubai,"RT @SyedRezaMehdi: This is a #Corona patient. He was a delivery boy, his lungs are damaged. Please don‚Äôt take #Covid_19 lightly. Social dis‚Ä¶","[{'text': 'Corona', 'indices': [29, 36]}, {'text': 'Covid_19', 'indices': [110, 119]}]",2020-03-20 16:04:34
180,Vaal Triangle ,Corona Virus Live Tracker https://t.co/FYLtuyWLuY,[],2020-03-20 16:04:34
181,,oh i better not get this shit because on top of my student debt i would DROWN :(((( https://t.co/s8GdaQd1zX,[],2020-03-20 16:04:34
182,"Chandigarh, India","RT @amitandon: Corona has proven that India's  bigger problem is not illiteracy, it is stupidity of literate people",[],2020-03-20 16:04:34
183,"San Antonio, TX",Lil stupid dirty ass bitches https://t.co/xRqiaQ3TLm,[],2020-03-20 16:04:35
184,Essex,"RT @joshua1eo: If we stay in isolation is that okay?
Is it okay if I call you my Corona bae? https://t.co/aXxrKt3qPI",[],2020-03-20 16:04:35
185,"Abuja, Nigeria","Since it seems a lot of folks find it too difficult to read WHO guidelines about the Corona Virus, this brief illus‚Ä¶ https://t.co/8EQxsPQ7om",[],2020-03-20 16:04:35
186,United States,"RT @rmc031: nothing in the Families First Coronavirus Response Act addresses the cost of *treating* COVID-19, just testing for it. https://‚Ä¶",[],2020-03-20 16:04:35
187,,"RT @narendramodi: The young actors have something to say..

Its time to be 'Zyada Savdhan' and do 'Corona ka Punchnama'! #IndiaFightsCorona‚Ä¶","[{'text': 'IndiaFightsCorona', 'indices': [121, 139]}]",2020-03-20 16:04:35
188,"Louisville, KY ",üòÇüòÇüòÇ this ain‚Äôt supposed to be this funny üòπ https://t.co/l5iqgA2YOv,[],2020-03-20 16:04:35
189,,"RT @jamewils: HOW TO SCARE CORONA

CURFEW SUNDAY

üç•Start day with Yoga &amp; have Baba's quack medicine

üç•If get thirsty, drink cow urine by Hi‚Ä¶",[],2020-03-20 16:04:35
190,,happy?..... we are not happy to be quarantine üò≠ https://t.co/tY91mvnvR6,[],2020-03-20 16:04:35
191,"The Hills, Nigeria.",RT @Retrogodammed: 1m. Bruh football is blood money!,[],2020-03-20 16:04:35
192,Liverpool (for my sins),"RT @allisonpearson: My 24-yr-old has been paying National Insurance for two years. After losing job due to corona, inquired about Jobseeker‚Ä¶",[],2020-03-20 16:04:35
193,"Karachi, Pakistan","@ISpeakHenceIAm Sindh Govt. is going good, don‚Äôt know why command and control centre being setup in Governor House.‚Ä¶ https://t.co/a84zURjDRX",[],2020-03-20 16:04:35
194,chandigarh,"RT @AamAadmiParty: ""Delhi government will pay salaries to all contract workers, daily wage labourers, guest teachers etc those whose office‚Ä¶",[],2020-03-20 16:04:35
195,,"RT @ArvindKejriwal: Had a meeting wid MSs of all Del govt hospitals. If corona spreads widely in future, our hospitals shud be prepared to‚Ä¶",[],2020-03-20 16:04:35
196,"Durango, CO",RT @thomaskaine5: The republicans think it's funny how they will SCREW THE PEOPLE and while using the corona-virus crisis to pass  huge amo‚Ä¶,[],2020-03-20 16:04:35
197,Unkown ,RT @itscesaryo: celebrities making singing videos as corona virus now tops over 230k cases worldwide  https://t.co/HPVjPn2fso,[],2020-03-20 16:04:35
198,"Federal Capital Territory, Nig","RT @MissionOfQuran: Nabi Mohammad PBUH said No one has a favour upon us but we have repaid it, except Abu Bakr. Indeed he has favour upon u‚Ä¶",[],2020-03-20 16:04:35
199,,See this video How health officials Screening COVID 19 pandemic...How rulers like people's...!! Yathaa Raaja tatha‚Ä¶ https://t.co/8D4WZVbpfo,[],2020-03-20 16:04:35
200,"Cape Town, South Africa","RT @abbyvesoulis: An uninsured COVID-19 patient just got her medical bill: $34,927.43. @abbyabrams has the story. https://t.co/jOPJJ4VqKG",[],2020-03-20 16:04:35
201,"Chennai, India","Trisha's awareness video on Corona virus - watch it here!

@trishtrashers #TrishaKrishnan #CoronavirusOutbreakindia‚Ä¶ https://t.co/qLNXjlhcqw","[{'text': 'TrishaKrishnan', 'indices': [74, 89]}, {'text': 'CoronavirusOutbreakindia', 'indices': [90, 115]}]",2020-03-20 16:04:35
202,"Mumbai, India",RT @mona11_xx: So so so glad I stopped admiring a sorry excuse of a celeb a long time back. What an asshole. Don‚Äôt make those type of faces‚Ä¶,[],2020-03-20 16:04:35
203,i dont even know,RT @madimonroe: just think about the fact that our generation‚Äôs children will be learning about the corona virus outbreak in history class üò≥,[],2020-03-20 16:04:36
204,,RT @gherbo: WHEN I HEARD KD HAD CORONA VIRUSüòî @nba YALL BETTER GET TO THE BOTTOM OF THIS SHIT ASAP‚ÄºÔ∏è https://t.co/VpU5Q7tRp5,[],2020-03-20 16:04:36
205,Citizen of nowhere,"RT @abbyvesoulis: An uninsured COVID-19 patient just got her medical bill: $34,927.43. @abbyabrams has the story. https://t.co/jOPJJ4VqKG",[],2020-03-20 16:04:36
206,LAND OF THE LIVING...,"@mearyamAA Congratulations, cuZ according to this your state will definitely be a Corona virus free stateüòÅ https://t.co/3s0oOHXNvn",[],2020-03-20 16:04:36
207,,"RT @AndrewMwenda: #COVID19 This morning I woke up with a cough, flu and temperature! I quarantined myself at home and called ministry of he‚Ä¶","[{'text': 'COVID19', 'indices': [18, 26]}]",2020-03-20 16:04:36
208,New York (he/him),"RT @AOC: We need to cover 100% of the costs of uninsured &amp; underinsured people right now.

Not just Coronavirus bills, either - getting sic‚Ä¶",[],2020-03-20 16:04:36
209,,@Rosie Maybe corona beer should be offended,[],2020-03-20 16:04:36
210,,"RT @ioproducer: There was a nasty flu that went round in December / early Jan. I‚Äôm telling you, that was corona. Bare ppl were sick (includ‚Ä¶",[],2020-03-20 16:04:36
211,Bharat ,"RT @theskindoctor13: Shaheen Bagh is still on.

Mosques are open.

MuIIahs are saying Corona won't harm if you read qalma.

Tiktokiye are m‚Ä¶",[],2020-03-20 16:04:36
212,"Dansoman,Accra",RT @TheHeadking__: A Nigerian doctor said Chloroquine can be used to treat Corona virus but we all said he‚Äôs talking in the rubbish and tal‚Ä¶,[],2020-03-20 16:04:36
213,Ayalur in Palakkad (Kerala),"RT @JournoAshutosh: Deadly corona virus reaches Madhya Pradesh, first case of Covid 19 reported in Jabalpur where 4 samples diagnosed posit‚Ä¶",[],2020-03-20 16:04:36
214,"Mumbai, India",RT @SimmiAhuja_: Thermal scanning only able to scan if your body temperature is high. And in Corona it doesn't come. On first day and it do‚Ä¶,[],2020-03-20 16:04:36
215,,RT @Stout97_: 2 weeks? it‚Äôs a fucking global pandemic not a hamstring strain.,[],2020-03-20 16:04:36
216,ŸÖÿ≥ Ÿà⁄ÜŸàŸäÿ≥ ÿßÿ∑,"RT @abbyvesoulis: An uninsured COVID-19 patient just got her medical bill: $34,927.43. @abbyabrams has the story. https://t.co/jOPJJ4VqKG",[],2020-03-20 16:04:36
217,,RT @NikkieTutorials: In The Netherlands they don‚Äôt test on Corona anymore so they‚Äôre positive it‚Äôs that... but they won‚Äôt test cause we don‚Ä¶,[],2020-03-20 16:04:36
218,"Imperial, MO",RT @Biancaixvi: Corona day 3: it just feels like Sunday again and...again,[],2020-03-20 16:04:36
219,"Ahsa, Kingdom of Saudi Arabia",RT @abdbozkurt: Turkish professor of pulmonary medicine reveals on a national TV network that the real number of #Corona cases are potentia‚Ä¶,"[{'text': 'Corona', 'indices': [113, 120]}]",2020-03-20 16:04:36
220,on ur tl,"Wait a minute...what if avengers end game was real and Thanos snapped his fingers. Then boom Corona hit...fink about it
ü§îü§Øüò¢",[],2020-03-20 16:04:36
221,earth,"@NotoriousLLT Not aure what‚Äôs more dangerous, Corona 19 or Trump to@the world",[],2020-03-20 16:04:36
222,"Kerala, India","RT @amitandon: Corona has proven that India's  bigger problem is not illiteracy, it is stupidity of literate people",[],2020-03-20 16:04:36
223,"Chennai, India",RT @Vijayabaskarofl: #chennaimetro - Metro  inspection..crossed nandanam.Glad to see travelers maintain safe distance Our nursing students‚Ä¶,"[{'text': 'chennaimetro', 'indices': [21, 34]}]",2020-03-20 16:04:36
224,United States,"RT @AOC: We need to cover 100% of the costs of uninsured &amp; underinsured people right now.

Not just Coronavirus bills, either - getting sic‚Ä¶",[],2020-03-20 16:04:36
225,"Uttar Pradesh, India",RT @narendramodi: Athletes and achievers from various sports are raising awareness about the nation‚Äôs battle against Coronavirus. Let us ta‚Ä¶,[],2020-03-20 16:04:36
226,,RT @PoliticsReid: Seven million Americans over the age of 60 live in counties with no ICU beds - https://t.co/xF3AxcL6Ir,[],2020-03-20 16:04:37
227,,"RT @abbyvesoulis: An uninsured COVID-19 patient just got her medical bill: $34,927.43. @abbyabrams has the story. https://t.co/jOPJJ4VqKG",[],2020-03-20 16:04:37
228,,HAPPY SELF QUARANTINE https://t.co/qEERM5iVaA https://t.co/xejtaWtVRh,[],2020-03-20 16:04:37
229,oreo,"RT @avocadovsz: corona or no corona, staying away from people is always a good idea.",[],2020-03-20 16:04:37
230,she/her,RT @kpophappenings_: when that kpop boy said corona instead of chronosaurus,[],2020-03-20 16:04:37
231,"Neelangarai,chennai-115","RT @Vijayabaskarofl: #Corona Awareness: Soap or Hand Sanitizer, what should I use to wash my hands? #IwashedmyHands #WashYourHands #TN_Toge‚Ä¶","[{'text': 'Corona', 'indices': [21, 28]}, {'text': 'IwashedmyHands', 'indices': [100, 115]}, {'text': 'WashYourHands', 'indices': [116, 130]}]",2020-03-20 16:04:37
232,"Karnataka, India","RT @narendramodi: Let us heed these important words of our champion shuttlers. #IndiaFightsCorona

https://t.co/oLNZSoYMoI

https://t.co/Hy‚Ä¶","[{'text': 'IndiaFightsCorona', 'indices': [79, 97]}]",2020-03-20 16:04:37
233,"Mumbai, India",Should we test this theory or what ? https://t.co/ezVV9tg4vs,[],2020-03-20 16:04:37
234,,RT @BDUTT: President of India met with Dushyant Singh who met with #KanikaKapoor who tested positive for #Corona. In parliament others coul‚Ä¶,"[{'text': 'KanikaKapoor', 'indices': [67, 80]}, {'text': 'Corona', 'indices': [105, 112]}]",2020-03-20 16:04:37
235,,"RT @CandiceBenbow: This is Generation Z. 

I want to name that because folks love calling everybody 40 and under Millennials.

Millennials‚Ä¶",[],2020-03-20 16:04:37
236,,RT @toriarenee_: This is for CORONA  you big fat white nasty smelling fat bitch why you took me off the motherfuckin schedule with your tri‚Ä¶,[],2020-03-20 16:04:37
237,Jannatul firdaus,RT @Musa__Kalarawi: Sorry to interrupt your scrolling but I just want to pray that May Allah continue to guide &amp; protect you &amp; your fam fro‚Ä¶,[],2020-03-20 16:04:37
238,Canada,RT @itscesaryo: celebrities making singing videos as corona virus now tops over 230k cases worldwide  https://t.co/HPVjPn2fso,[],2020-03-20 16:04:37
239,District 7,"RT @IlhanMN: This is insane. 

It‚Äôs frustrating that these tests and treatments not free yet, it‚Äôs time emergency #MedicareForAll","[{'text': 'MedicareForAll', 'indices': [114, 129]}]",2020-03-20 16:04:37
240,"New Delhi, India",RT @ChickenBiryanii: Kanika Kapoor played a best victim card üòÇüòÇ She just told @sardanarohit that she is a single mother and hence she is ge‚Ä¶,[],2020-03-20 16:04:37
241,"Jabalpur, India",RT @manakgupta: UP police to register FIR against #KanikaKapoor for putting others at risk of #Corona @news24tvchannel,"[{'text': 'KanikaKapoor', 'indices': [50, 63]}, {'text': 'Corona', 'indices': [94, 101]}]",2020-03-20 16:04:37
242,,"RT @AOC: We need to cover 100% of the costs of uninsured &amp; underinsured people right now.

Not just Coronavirus bills, either - getting sic‚Ä¶",[],2020-03-20 16:04:37
243,vee/xe/fae (en). ono (sh).,RT @zunguzungu: jesus fuck,[],2020-03-20 16:04:37
244,"Pune, India","All of us should participate in Janata curfew on 22.03.20 as proposed by our https://t.co/aY6BKJUWy0.
This will def‚Ä¶ https://t.co/pN1DoG80Jc",[],2020-03-20 16:04:37
245,,@vshivam9 @Coolmayank19 @sardesairajdeep @myogiadityanath üòÇüòÇüòÇüòÇ atleast have some knowledge bro ....UP and bihar hav‚Ä¶ https://t.co/ruE1kzEXIw,[],2020-03-20 16:04:37
246,,"well, it‚Äôs official. my mom is going crazy about this corona virus and making me stay inside now to quarantine so t‚Ä¶ https://t.co/DkjgNitM1X",[],2020-03-20 16:04:38
247,Nigeria,"RT @ioproducer: There was a nasty flu that went round in December / early Jan. I‚Äôm telling you, that was corona. Bare ppl were sick (includ‚Ä¶",[],2020-03-20 16:04:38
248,"Oregon, USA",RT @jeffwittek: Does CVS stand for corona virus store?,[],2020-03-20 16:04:38
249,Utah,"RT @MrJonCryer: There you have it.

Proof that this is an intentional tactic. Trump et al are trying to bait us into fighting over his raci‚Ä¶",[],2020-03-20 16:04:38
250,"The Hills, Nigeria.","RT @brfootball: Germany and @FCBayern  teammates @leongoretzka_ and Joshua Kimmich have founded an initiative called We Kick Corona, donati‚Ä¶",[],2020-03-20 16:04:38
251,NH,"RT @BernieSanders: Right now 87 million Americans are uninsured or underinsured.

Our profit-driven health care system is a danger to our p‚Ä¶",[],2020-03-20 16:04:38
252,,RT @Ra_Bies: I wonder why celebs can‚Äôt live a normal life. Look at Rishi Kapoor‚Äôs 3 daughters- Karishma married a two time divorcee Sanjay‚Ä¶,[],2020-03-20 16:04:38
253,"‡§¶‡§ø‡§≤‡•ç‡§≤‡•Ä, ‡§≠‡§æ‡§∞‡§§","RT @amitandon: Corona has proven that India's  bigger problem is not illiteracy, it is stupidity of literate people",[],2020-03-20 16:04:38
254,3rd rock from the sun,"#shaheenbaghvsjantacurfew
Shaheen baug has become corona time bomb.","[{'text': 'shaheenbaghvsjantacurfew', 'indices': [0, 25]}]",2020-03-20 16:04:38
255,,@shalfierce corona giving us time to read stupid shit. smh,[],2020-03-20 16:04:38
256,somewhere,"RT @yogicturtle: oh hold up, i'd just hit up miss corona and ask her, but shit's always goin to her voicemail tsk",[],2020-03-20 16:04:38
257,"Hyderabad, India","RT @Cutie_pie_Sana: God these haters are sick üò§üò§
They are comparing #ShehnaazGill with corona virus üòÇ

Fuk!! Haters .jo ki h kuch pyare #Si‚Ä¶","[{'text': 'ShehnaazGill', 'indices': [68, 81]}]",2020-03-20 16:04:38
258,,"RT @meaganmday: Less than a week ago Joe Biden insisted there‚Äôs no connection between single-payer healthcare and coronavirus, while Chris‚Ä¶",[],2020-03-20 16:04:38
259,,RT @richaanirudh: Where is Nirmal Baba btw?? ü§î #RandomThought He could have told us what can save us from coronaüôà,"[{'text': 'RandomThought', 'indices': [47, 61]}]",2020-03-20 16:04:39
260,"Southeast, D.Cüìç",RT @zairfulradzuan: everyone coming out of corona as barista,[],2020-03-20 16:04:38
261,"Hollywood, FL",RT @itscesaryo: celebrities making singing videos as corona virus now tops over 230k cases worldwide  https://t.co/HPVjPn2fso,[],2020-03-20 16:04:39
262,,"RT @AOC: We need to cover 100% of the costs of uninsured &amp; underinsured people right now.

Not just Coronavirus bills, either - getting sic‚Ä¶",[],2020-03-20 16:04:39
263,Hyderabad,"RT @amitandon: Corona has proven that India's  bigger problem is not illiteracy, it is stupidity of literate people",[],2020-03-20 16:04:39
264,quarantine,"just talked to one of my friends in germany, who told me she broke up with her bf just before corona and she is wor‚Ä¶ https://t.co/59FPpVcIVB",[],2020-03-20 16:04:39
265,"Bloemfontein, South Africa",RT @casspernyovest: I don't know if I'm being unrealistic but I really hope this Corona doesn't claim any lives in South Africa. Lemme reph‚Ä¶,[],2020-03-20 16:04:39
266,United States,Corona on a tray smh https://t.co/cXWu1WHBqj,[],2020-03-20 16:04:39
267,ACC - LA - NY,"RT @audreyveronne: Guys December/Jan is flu season. Winter in the West, harmattan in West Africa and we were all jamming in packed spaces.‚Ä¶",[],2020-03-20 16:04:39
268,"Your mind, rent free",Eyy bon idea!!! https://t.co/xnfuvwxuLb,[],2020-03-20 16:04:39
269,,"RT @coton_luver: @marcorubio You mean some people like this Senator Liddle Marco from Florida?  Photo shows ""corona"" crossed out and replac‚Ä¶",[],2020-03-20 16:04:39
270,"Massachusetts, USA","RT @freddyatton: I wonder if Putin ordered Trump to fuck up his response to Corona, or did Trump fuck it up on his own? https://t.co/Bu8487‚Ä¶",[],2020-03-20 16:04:39
271,"Gaya, India","Must watch 
Strong message üôèüèª #coronavirusindia #corona #gayacity #vvi8055 #bihar https://t.co/9iZwdNSUFh","[{'text': 'coronavirusindia', 'indices': [30, 47]}, {'text': 'corona', 'indices': [48, 55]}, {'text': 'gayacity', 'indices': [56, 65]}, {'text': 'vvi8055', 'indices': [66, 74]}, {'text': 'bihar', 'indices': [75, 81]}]",2020-03-20 16:04:39
272,Still on Earth,"RT @Gavinmeekin: A virus much more deadly than Corona.....
#COVID19NIGERIA https://t.co/y2piZdnaZK","[{'text': 'COVID19NIGERIA', 'indices': [59, 74]}]",2020-03-20 16:04:39
273,,"RT @amitandon: Corona has proven that India's  bigger problem is not illiteracy, it is stupidity of literate people",[],2020-03-20 16:04:39
274,"Illinois, USA",RT @GarbageApe: We tried fixing this the easy way. https://t.co/hRBJdHCpSJ,[],2020-03-20 16:04:39
275,,RT @toriarenee_: This is for CORONA  you big fat white nasty smelling fat bitch why you took me off the motherfuckin schedule with your tri‚Ä¶,[],2020-03-20 16:04:39
276,,"Things corona has done to us:

Made us wash our hands

Cancelled allergy season/ coughing and sneezing, otherwize p‚Ä¶ https://t.co/5YQNYxwSkc",[],2020-03-20 16:04:39
277,,"RT @narendramodi: The young actors have something to say..

Its time to be 'Zyada Savdhan' and do 'Corona ka Punchnama'! #IndiaFightsCorona‚Ä¶","[{'text': 'IndiaFightsCorona', 'indices': [121, 139]}]",2020-03-20 16:04:40
278,"Kota Kinabalu, Sabah","RT @avocadovsz: corona or no corona, staying away from people is always a good idea.",[],2020-03-20 16:04:40
279,Toronto,"RT @iHeartRadioCA: This is your on-demand audio source of information relevant to your needs, questions and concerns about the corona virus‚Ä¶",[],2020-03-20 16:04:40
280,Chicago,"RT @meaganmday: Less than a week ago Joe Biden insisted there‚Äôs no connection between single-payer healthcare and coronavirus, while Chris‚Ä¶",[],2020-03-20 16:04:40
281," Deante World , Trey Land",RT @JReneex: Can‚Äôt wait till we hit a time where we say ‚Äúremember when corona hit?üò≠‚Äù üò≠üò≠üò≠üò≠üò≠,[],2020-03-20 16:04:40
282,Mile High,"RT @sardesairajdeep: As the PM prepares to interact with state CMs, the one state he and others may wish to hold up as a exemplar in fight‚Ä¶",[],2020-03-20 16:04:40
283,Sarawak,RT @Biancaixvi: Corona day 3: it just feels like Sunday again and...again,[],2020-03-20 16:04:40
284,,RT @zairfulradzuan: everyone coming out of corona as barista,[],2020-03-20 16:04:40
285,,Breaking News: The Million Dollar Cook-Off has been cancelled due to the Corona Virus‚ùóÔ∏è https://t.co/NhivrVjaND,[],2020-03-20 16:04:40
286,mass ,RT @maxgribben99: I know I‚Äôm not allowed to use this word but corona virus is bloody serious https://t.co/kLjNccPDVj,[],2020-03-20 16:04:40
287,India,"RT @theskindoctor13: Shaheen Bagh is still on.

Mosques are open.

MuIIahs are saying Corona won't harm if you read qalma.

Tiktokiye are m‚Ä¶",[],2020-03-20 16:04:40
288,"Pennsylvania, USA",Come on Corona Cirus Task Force!  SIX FEET!,[],2020-03-20 16:04:40
289,Connecting The Dots,RT @TrilliamClinton: Corona got these flights cheap as hell I gotta job interview in Greece Monday,[],2020-03-20 16:04:40
290,,"RT @narendramodi: The young actors have something to say..

Its time to be 'Zyada Savdhan' and do 'Corona ka Punchnama'! #IndiaFightsCorona‚Ä¶","[{'text': 'IndiaFightsCorona', 'indices': [121, 139]}]",2020-03-20 16:04:40
291,India,"RT @theskindoctor13: Shaheen Bagh is still on.

Mosques are open.

MuIIahs are saying Corona won't harm if you read qalma.

Tiktokiye are m‚Ä¶",[],2020-03-20 16:04:40
292,,@aima_kh @mazdaki @gabeeno @a_siab @atifthepoet @MurtazaViews @BBhuttoZardari @bilalfqi @FarhatullahB @BushraGohar‚Ä¶ https://t.co/N8ggXpfuvK,[],2020-03-20 16:04:40
293,,"Hey @SecPompeo   It‚Äôs the Corona Virus, jackass. Or if you don‚Äôt like that, COVID 19.   Racist.",[],2020-03-20 16:04:40
294,South Africa,@Newzroom405 @MbalulaFikile Unfortunately SAA is a collateral casualty in this fight against Corona Virus,[],2020-03-20 16:04:40
295,India,"RT @rishibagree: Kunal Kamra is that person who will intentionally spit &amp; sneeze in public places to spread corona, and when the authoritie‚Ä¶",[],2020-03-20 16:04:40
296,,RT @tasha__koh: Please do not have sexual intercourse infront of your children for this will then be their ‚Äúnormal‚Äù and god knows in what w‚Ä¶,[],2020-03-20 16:04:40
297,ATL by way of Louisiana,Anybody know about Corona cases in Russia?,[],2020-03-20 16:04:40
298,,"RT @asianbabyghoul: before anyone tries this, just wanna say one thing:

you can‚Äôt grow cooked corn and most of these will take months to g‚Ä¶",[],2020-03-20 16:04:40
299,Bharat #IAmWithModi,"RT @narendramodi: The young actors have something to say..

Its time to be 'Zyada Savdhan' and do 'Corona ka Punchnama'! #IndiaFightsCorona‚Ä¶","[{'text': 'IndiaFightsCorona', 'indices': [121, 139]}]",2020-03-20 16:04:41
300,,RT @idEatChaa: hit her w a ‚Äúsoo wybd ?‚Äù üòÇüíØ,[],2020-03-20 16:04:41
301,"Hassan Abdal, Attock Pakistan",@POTUS  mentioned that #Chloroquine plays positive role in recovering from Corona. IF thats true then Pakistan has‚Ä¶ https://t.co/LOTHayxekd,"[{'text': 'Chloroquine', 'indices': [23, 35]}]",2020-03-20 16:04:41
302,mumbai,"RT @BDUTT: As someone said, our grandparents were asked to go to war. We, those of us with economic privilege, are only being asked to sit‚Ä¶",[],2020-03-20 16:04:41
303,India,"RT @mygovindia: Namaste MyGov family! 

For sharing the new MyGov Corona Helpdesk, pls share this link: https://t.co/D5cznbq8B5

(This will‚Ä¶",[],2020-03-20 16:04:41
304,Europe,"RT @JStein_WaPo: One of 30 million uninsured Americans gets $35,000 medical bill for coronavirus treatment
https://t.co/Uvm9lk6Qk2",[],2020-03-20 16:04:41
305,"Birmingham, AL","RT @BernieSanders: Right now 87 million Americans are uninsured or underinsured.

Our profit-driven health care system is a danger to our p‚Ä¶",[],2020-03-20 16:04:41
306,Mahe. UT of Puducherry,"RT @ugc_india: Appeal from Prof. D. P. Singh, Chairman, University Grants Commission to combat CORONA Virus. 
To view video click here:-
ht‚Ä¶",[],2020-03-20 16:04:41
307,India,"RT @jamewils: HOW TO SCARE CORONA

CURFEW SUNDAY

üç•Start day with Yoga &amp; have Baba's quack medicine

üç•If get thirsty, drink cow urine by Hi‚Ä¶",[],2020-03-20 16:04:41
308,"New Delhi, India",RT @BJP4India: China reported to the world that it had noticed cases of Pneumonia without any known etiology on 30 Dec 2019. They reported‚Ä¶,[],2020-03-20 16:04:41
309,,RT @caitoz: America is going to be a steaming pile of rubble by mid-June.,[],2020-03-20 16:04:41
310,"Rajapalayam, India","RT @amitandon: Corona has proven that India's  bigger problem is not illiteracy, it is stupidity of literate people",[],2020-03-20 16:04:41
311,,RT @pattonoswalt: this incompetent racist asshole,[],2020-03-20 16:04:41
312,,"RT @ChibiTifa: That cosplayer apparently purposely cosplayed ""Corona-chan"" to get traction and follows. Imagine being racist for clout",[],2020-03-20 16:04:41
313,"New York, USA","RT @BernieSanders: Right now 87 million Americans are uninsured or underinsured.

Our profit-driven health care system is a danger to our p‚Ä¶",[],2020-03-20 16:04:41
314,"Kolkata, India",@TheKanikakapoor you deserve that coz of your negligence. You pushed so many important lives in risk and whole‚Ä¶ https://t.co/9FN3KQvMCv,[],2020-03-20 16:04:41
315,,"RT @AmmarRashidT: Hearing reports of huge Juma crowds everywhere in the country, of Imams ridiculing corona fears, saying people should ign‚Ä¶",[],2020-03-20 16:04:41
316,Republic of the Philippines,#WW84 trailer 2 will kill the Corona Virus https://t.co/Azk9tkdShH,"[{'text': 'WW84', 'indices': [0, 5]}]",2020-03-20 16:04:41
317,"Charleston, SC","RT @abbyvesoulis: An uninsured COVID-19 patient just got her medical bill: $34,927.43. @abbyabrams has the story. https://t.co/jOPJJ4VqKG",[],2020-03-20 16:04:41
318,"Gandhidham, India","RT @KelkarAbhijit: In the wake of disruptions caused by the Corona pandemic, government intervention for deferment of ITR and GST due dates‚Ä¶",[],2020-03-20 16:04:41
319,India,"RT @_sayema: We must listen to what #KanikaKapoor also has to say. While it was imp for her to go into a self- quarantine after the travel,‚Ä¶","[{'text': 'KanikaKapoor', 'indices': [36, 49]}]",2020-03-20 16:04:41
320,Mind,In this perilous season of Corona and lassa? https://t.co/pOK944tt4G,[],2020-03-20 16:04:41
321,Assam,"RT @NindaTurtles: Hindi version of Go Corona, Corona Go:",[],2020-03-20 16:04:42
322,‡§≠‡§æ‡§∞‡§§‡§Æ‡•ç,"RT @theskindoctor13: Shaheen Bagh is still on.

Mosques are open.

MuIIahs are saying Corona won't harm if you read qalma.

Tiktokiye are m‚Ä¶",[],2020-03-20 16:04:42
323,"Los Angeles, CA","RT @abbyvesoulis: An uninsured COVID-19 patient just got her medical bill: $34,927.43. @abbyabrams has the story. https://t.co/jOPJJ4VqKG",[],2020-03-20 16:04:42
324,NH,"RT @AOC: We need to cover 100% of the costs of uninsured &amp; underinsured people right now.

Not just Coronavirus bills, either - getting sic‚Ä¶",[],2020-03-20 16:04:42
325,S‚Ä¢A‚Ä¢L‚Ä¢R‚Ä¢J‚Ä¢,Ok but who said Corona or Coronavirus? ü§≠ü§î https://t.co/U6kpqiU01Z,[],2020-03-20 16:04:42
326,,"E no be me talk am ooo, rich men are talking  üòÇ if u don't like this  den go face corona virus üòÇ https://t.co/3SOL0GFCTP",[],2020-03-20 16:04:42
327,Elsewhere ,"RT @CandiceBenbow: This is Generation Z. 

I want to name that because folks love calling everybody 40 and under Millennials.

Millennials‚Ä¶",[],2020-03-20 16:04:42
328,"Tamil Nadu, India","Corona virus ..... Realise....
1.citizen of other country ....Wants to fly to native country ....
2.each country ha‚Ä¶ https://t.co/oEy48tleu1",[],2020-03-20 16:04:42
329,she/her,im 100% convinced i already had corona virus in january idc,[],2020-03-20 16:04:42
330,bangkok Thailand,@myLondis shame on you Londis taking advantage of the Corona situation and inflating prices of toilet rolls https://t.co/vDD7iE8362,[],2020-03-20 16:04:42
331,"ahvaz,oxin sabeq VA nasery ","RT @shahlla5084: Iranian people urge US government not to lift sanctions on Iran
#DoNotEaseSanctions","[{'text': 'DoNotEaseSanctions', 'indices': [81, 100]}]",2020-03-20 16:04:42
332,Somewhere sunny ,Same lol https://t.co/3YQWsWqtGI,[],2020-03-20 16:04:42
333,"+ 36.6104¬∞, - 84.1067¬∞

","RT @GameOnJD: I guess you missed the fact that Diane Feinstein sold more stock in the same time frame than each of those three COMBINED.

Y‚Ä¶",[],2020-03-20 16:04:42
334,your fadas house üòõ,RT @_pinapl: first church service after corona dies down üòç&gt;&gt;&gt;&gt;&gt;&gt;&gt;&gt;,[],2020-03-20 16:04:42
335,Earth,"RT @muglikar_: Commie Keralities want their CM to be PM for 2 months because apparently he is fighting Corona virus in a better way. üòπüòπ

Th‚Ä¶",[],2020-03-20 16:04:42
336,"Texas, USA",This corona virus is pmo. I hate it here,[],2020-03-20 16:04:42
337,"Kanpur, India","RT @ayush_astic_: *When someone talks about Corona Virus and says don't go outside and don't shake hands*

Me who's already dead inside and‚Ä¶",[],2020-03-20 16:04:42
338,"Mandeville, LA",RT @goodbeanaltalt: holy shit I hate every person in this video,[],2020-03-20 16:04:42
339,"Gujarat, India",@gsthelpline @Infosys_GSTN @SKHalakhandi @nsitharamanoffc @ProblemsInGSTN @GSTN_IT @FinMinIndia  think about tex man https://t.co/UiEhqv3OJi,[],2020-03-20 16:04:42
340,,RT @ChickenBiryanii: Kanika Kapoor played a best victim card üòÇüòÇ She just told @sardanarohit that she is a single mother and hence she is ge‚Ä¶,[],2020-03-20 16:04:42
341,New Delhi,"RT @AamAadmiParty: ""Delhi government will pay salaries to all contract workers, daily wage labourers, guest teachers etc those whose office‚Ä¶",[],2020-03-20 16:04:42
342,"Mars, Solar system","RT @theskindoctor13: Shaheen Bagh is still on.

Mosques are open.

MuIIahs are saying Corona won't harm if you read qalma.

Tiktokiye are m‚Ä¶",[],2020-03-20 16:04:42
343,‡Æ§‡ØÇ‡Æ§‡Øç‡Æ§‡ØÅ‡Æï‡Øç‡Æï‡ØÅ‡Æü‡Æø,"RT @Cinephile05: Chennai City thavira

All other cities/Towns 

People are not yet aware about this corona/situation 

Casual ah irukkanga.‚Ä¶",[],2020-03-20 16:04:42
344,"Virginia Beach, VA",usually i‚Äôd start shaving my legs rn and wear shorts everywhere BUT i can‚Äôt even do that cause of corona üôÑ,[],2020-03-20 16:04:43
345,,@Heroic_Studios ya its a thing sexy nurses taking care of sick corona virus patience,[],2020-03-20 16:04:43
346,USA,"RT @meaganmday: Less than a week ago Joe Biden insisted there‚Äôs no connection between single-payer healthcare and coronavirus, while Chris‚Ä¶",[],2020-03-20 16:04:43
347,"Queens, NY",RT @GarbageApe: We tried fixing this the easy way. https://t.co/hRBJdHCpSJ,[],2020-03-20 16:04:43
348,,"RT @YardleyShooting: Much criticised &amp; until recently, failing, BBC are positioning themselves to be lead players in the post corona New Wo‚Ä¶",[],2020-03-20 16:04:43
349,"Liverpool, England",Give me the corona virus anyday wouldn‚Äôt cope with this üíÄ https://t.co/zxD8StnaqI,[],2020-03-20 16:04:43
350,"Gandhinagar, India",RT @jitu_vaghani: Get all your doubts cleared at first hand on Corona WhatsApp no. You can message with a 'Hi'¬† and get automated response‚Ä¶,[],2020-03-20 16:04:43
351,australia,@ftblNat i hope this guy gets corona virus and dies a fucking sad and painful death,[],2020-03-20 16:04:43
352,,"RT @narendramodi: The young actors have something to say..

Its time to be 'Zyada Savdhan' and do 'Corona ka Punchnama'! #IndiaFightsCorona‚Ä¶","[{'text': 'IndiaFightsCorona', 'indices': [121, 139]}]",2020-03-20 16:04:43
353,GHANA,Emelia Brobbeys song couldn‚Äôt kill us what is Corona virus again üòè,[],2020-03-20 16:04:43
354,,RT @mikehaze: All I've done during Corona isolation is smoke weed and play melee,[],2020-03-20 16:04:43
355,Aleppo üá∏üáæ,"RT @obasi_D: FULL VIDEO!!! https://t.co/vkeULrtoeH

RETWEET= no corona during summer https://t.co/11xoRItvEU",[],2020-03-20 16:04:43
356,"Nagpur, India","RT @theskindoctor13: Shaheen Bagh is still on.

Mosques are open.

MuIIahs are saying Corona won't harm if you read qalma.

Tiktokiye are m‚Ä¶",[],2020-03-20 16:04:43
357,üöÄüíé,"RT @naya_rea: Tacha shouldn't even come back to Nigeria. The air here is toxic, worse than Corona. Tbh.
#TachaSanitizeUs","[{'text': 'TachaSanitizeUs', 'indices': [104, 120]}]",2020-03-20 16:04:43
358,Bradford West Yorks,RT @huwlemmey: Reading Kuenssberg‚Äôs tweets must be very much like reading Allied papers during the Spanish Flu: coverage of how bad the vir‚Ä¶,[],2020-03-20 16:04:43
359,NYC,"RT @TeaPainUSA: You can't help but respect the irony.  One month ago, the Trump administration claimed the virus was ""fully contained"", the‚Ä¶",[],2020-03-20 16:04:43
360,"OPD and OT , Back in 2019. ","RT @amitandon: Corona has proven that India's  bigger problem is not illiteracy, it is stupidity of literate people",[],2020-03-20 16:04:43
361,,"RT @amitandon: Corona has proven that India's  bigger problem is not illiteracy, it is stupidity of literate people",[],2020-03-20 16:04:43
362,,RT @joshieyamaguchi: corona sis you leaving by may right? https://t.co/vwDdLhmAwz,[],2020-03-20 16:04:43
363,Moon,RT @goodbeanaltalt: holy shit I hate every person in this video,[],2020-03-20 16:04:43
364,Kuvuk' Land,"RT @unofficialbibi: As a Microbiologist....
I have entered the lab and I won't leave until I find the cure for Corona virus.... #FightCOVID‚Ä¶",[],2020-03-20 16:04:43
365,"Illinois, USA","RT @matthewstoller: China effectively committed a war crime against its own people, and then the rest of the world. Now it's attacking anyo‚Ä¶",[],2020-03-20 16:04:43
366,,"RT @theskindoctor13: Shaheen Bagh is still on.

Mosques are open.

MuIIahs are saying Corona won't harm if you read qalma.

Tiktokiye are m‚Ä¶",[],2020-03-20 16:04:43
367,,"RT @BernieSanders: Right now 87 million Americans are uninsured or underinsured.

Our profit-driven health care system is a danger to our p‚Ä¶",[],2020-03-20 16:04:43
368,Ndikoko Ndikoko,RT @casspernyovest: I don't know if I'm being unrealistic but I really hope this Corona doesn't claim any lives in South Africa. Lemme reph‚Ä¶,[],2020-03-20 16:04:43
369,803,RT @Getthebagcoach: Dawg y‚Äôall funny man..... This Corona got y‚Äôall being creative .. https://t.co/Ax5oFFPlnB,[],2020-03-20 16:04:43
370,"Baltimore, MD",On with Herb how all these NBA players got corona ??? Like I‚Äôm confused,[],2020-03-20 16:04:44
371,Nigeria,RT @TheHeadking__: A Nigerian doctor said Chloroquine can be used to treat Corona virus but we all said he‚Äôs talking in the rubbish and tal‚Ä¶,[],2020-03-20 16:04:44
372,berlin - Germany,"RT @narendramodi: The young actors have something to say..

Its time to be 'Zyada Savdhan' and do 'Corona ka Punchnama'! #IndiaFightsCorona‚Ä¶","[{'text': 'IndiaFightsCorona', 'indices': [121, 139]}]",2020-03-20 16:04:44
373,"Thoothukkudi, India","*Corona itself telling us to take PRECAUTION*

üß¥üìç *C - Clean your hands*
üß¥üìç *O - Off from gatherings*
üß¥üìç *R - Raise‚Ä¶ https://t.co/LKmUl01v5b",[],2020-03-20 16:04:44
374,,RT @itscesaryo: celebrities making singing videos as corona virus now tops over 230k cases worldwide  https://t.co/HPVjPn2fso,[],2020-03-20 16:04:44
375,,RT @kakar_harsha: Corona originated in Wuhan Nov 17th. Announced on 31 Dec. In this period 5 Million Chinese traveled globally impacting na‚Ä¶,[],2020-03-20 16:04:44
376,"Illinois, USA",RT @gherbo: WHEN I HEARD KD HAD CORONA VIRUSüòî @nba YALL BETTER GET TO THE BOTTOM OF THIS SHIT ASAP‚ÄºÔ∏è https://t.co/VpU5Q7tRp5,[],2020-03-20 16:04:44
377,Boston,RT @GarbageApe: We tried fixing this the easy way.,[],2020-03-20 16:04:44
378,Trichy,RT @Vijayabaskarofl: #chennaimetro - Metro  inspection..crossed nandanam.Glad to see travelers maintain safe distance Our nursing students‚Ä¶,"[{'text': 'chennaimetro', 'indices': [21, 34]}]",2020-03-20 16:04:44
379,"Indore, India","RT @BDUTT: As someone said, our grandparents were asked to go to war. We, those of us with economic privilege, are only being asked to sit‚Ä¶",[],2020-03-20 16:04:44
380,Mumbai,"RT @D_Radiance: normal human with the flu: hmm i feel ill i think i‚Äôll stay home untill it passes 

corona infected human: who‚Äôs in the moo‚Ä¶",[],2020-03-20 16:04:44
381,"North-west Frontier, Pakistan",Hearing and watching a lot of news about the recovery of the #Corona Patients from all the over world but not from the Pakistan....,"[{'text': 'Corona', 'indices': [61, 68]}]",2020-03-20 16:04:44
382,"Qatif, Saudi Arabia",RT @JHAHNews: Adhering to the instructions and guidelines of healthcare authorities will help protect our country and loved ones from #COVI‚Ä¶,[],2020-03-20 16:04:44
383,EAST POINT.,why so many niggas likin this shit yuküòÇ. https://t.co/TTL8YbLQyV,[],2020-03-20 16:04:44
384,India,"RT @theskindoctor13: Shaheen Bagh is still on.

Mosques are open.

MuIIahs are saying Corona won't harm if you read qalma.

Tiktokiye are m‚Ä¶",[],2020-03-20 16:04:44
385,,RT @chandansadhu: This lady from #Mohali was tested positive for Corona.These confirmed cases of Corona virus not cooperating with health c‚Ä¶,"[{'text': 'Mohali', 'indices': [33, 40]}]",2020-03-20 16:04:45
386,With a Mad Man in A Blue Box,I'm on disability just this last year. The last time I worked was 2018. We don't qualify for this money. https://t.co/Pwbai1pMiz,[],2020-03-20 16:04:45
387,,"RT @theskindoctor13: Shaheen Bagh is still on.

Mosques are open.

MuIIahs are saying Corona won't harm if you read qalma.

Tiktokiye are m‚Ä¶",[],2020-03-20 16:04:45
388,"California, USA",RT @itscesaryo: celebrities making singing videos as corona virus now tops over 230k cases worldwide  https://t.co/HPVjPn2fso,[],2020-03-20 16:04:45
389,,"RT @ioproducer: There was a nasty flu that went round in December / early Jan. I‚Äôm telling you, that was corona. Bare ppl were sick (includ‚Ä¶",[],2020-03-20 16:04:45
390,Dallas,A corona proof sanctuary. https://t.co/6sHEsdRSou,[],2020-03-20 16:04:45
391,Ros' heart,RT @itscesaryo: celebrities making singing videos as corona virus now tops over 230k cases worldwide  https://t.co/HPVjPn2fso,[],2020-03-20 16:04:45
392,Milford. PA,"RT @abbyvesoulis: An uninsured COVID-19 patient just got her medical bill: $34,927.43. @abbyabrams has the story. https://t.co/jOPJJ4VqKG",[],2020-03-20 16:04:45
393,Follow @131_label_,RT @kpophappenings_: when that kpop boy said corona instead of chronosaurus,[],2020-03-20 16:04:45
394,"Gulf Shores, AL",RT @toriarenee_: This is for CORONA  you big fat white nasty smelling fat bitch why you took me off the motherfuckin schedule with your tri‚Ä¶,[],2020-03-20 16:04:45
395,,"RT @pushpendrakum: #Kanikakapoor returned from London to Lucknow, hid in the bathroom of airport and sneaked out without informing anyone a‚Ä¶","[{'text': 'Kanikakapoor', 'indices': [19, 32]}]",2020-03-20 16:04:45
396,,I urge everyone to understand the importance of social distancing during this time. Please take care of yourself an‚Ä¶ https://t.co/PkoJMg4NtE,[],2020-03-20 16:04:45
397,"Frisco, TX","RT @amitandon: Corona has proven that India's  bigger problem is not illiteracy, it is stupidity of literate people",[],2020-03-20 16:04:45
398,"Pennsylvania, USA","@DuncanSmithNBA @KeithSmithNBA @AndrewDBailey Don‚Äôt even joke about GarPax, haven‚Äôt us Bulls fans been thru enough‚Ä¶ https://t.co/1pkxIVMYse",[],2020-03-20 16:04:45
399,In the sea deep diving ,All this shit going on and y‚Äôall worried about killing MFs ? Only for you to get corona in the end y‚Äôall crazy,[],2020-03-20 16:04:45
400,,RT @farahnisrinaa_: corona makes our relationship with family stronger :)),[],2020-03-20 16:04:45
401,,"RT @aleishashanel: corona or not , when to forecast hit the D wit 84 best believe I will be outside",[],2020-03-20 16:04:45
402,kanpur,RT @chandansadhu: This lady from #Mohali was tested positive for Corona.These confirmed cases of Corona virus not cooperating with health c‚Ä¶,"[{'text': 'Mohali', 'indices': [33, 40]}]",2020-03-20 16:04:46
403,NJ ,RT @joshieyamaguchi: corona sis you leaving by may right? https://t.co/vwDdLhmAwz,[],2020-03-20 16:04:46
404,Chennai - India ,It has been more than 24 hours since TN Health Secretary told reporters that the health department will be releasin‚Ä¶ https://t.co/CH3HzhXNI4,[],2020-03-20 16:04:46
405,,"RT @threadreaderapp: @christianvela Hallo, the unroll you asked for: Thread by @tifflovesoils: Here is my corona saga. Woke up yesterday wi‚Ä¶",[],2020-03-20 16:04:46
406,"Baltimore, MD","RT @CandiceBenbow: This is Generation Z. 

I want to name that because folks love calling everybody 40 and under Millennials.

Millennials‚Ä¶",[],2020-03-20 16:04:46
407,"Comunidade de Madrid, Espanha","‚ÄúI can't see my girl anymore, I can't kiss anymore ... you took that away from me‚Äù go fuck you https://t.co/CxpMs378ut",[],2020-03-20 16:04:46
408,,Tragic - treatment should be covered https://t.co/GXqHeNt8cE,[],2020-03-20 16:04:46
409,"Florida, USA","RT @CandiceBenbow: This is Generation Z. 

I want to name that because folks love calling everybody 40 and under Millennials.

Millennials‚Ä¶",[],2020-03-20 16:04:46
410,Texas,So now Pompeo is calling corona the Chinese virus ü§¶‚Äç‚ôÄÔ∏è üëèüèªSTOPüëèüèª,[],2020-03-20 16:04:46
411,India,RT @chandansadhu: This lady from #Mohali was tested positive for Corona.These confirmed cases of Corona virus not cooperating with health c‚Ä¶,"[{'text': 'Mohali', 'indices': [33, 40]}]",2020-03-20 16:04:46
412,RVA,RT @joshieyamaguchi: corona sis you leaving by may right? https://t.co/vwDdLhmAwz,[],2020-03-20 16:04:46
413,Mumbai,Cities come to a standstill amid Corona Virus spread And Low key celebrations for Parsee New Year. Cyrus Broacha br‚Ä¶ https://t.co/H9OWRVl8Ms,[],2020-03-20 16:04:46
414,‡§≠‡§æ‡§∞‡§§,"RT @amitandon: Corona has proven that India's  bigger problem is not illiteracy, it is stupidity of literate people",[],2020-03-20 16:04:46
415,"Bloomfield Hills, MI","RT @AOC: We need to cover 100% of the costs of uninsured &amp; underinsured people right now.

Not just Coronavirus bills, either - getting sic‚Ä¶",[],2020-03-20 16:04:46
416,"Missouri, USA","RT @AOC: We need to cover 100% of the costs of uninsured &amp; underinsured people right now.

Not just Coronavirus bills, either - getting sic‚Ä¶",[],2020-03-20 16:04:46
417,,Well Pompeo just lowered himself in the eyes of the world by kissing Trump's ass and calling Corona the Chinese vir‚Ä¶ https://t.co/ol1DFmeuQP,[],2020-03-20 16:04:46
418,"Taipei City, Taiwan",RT @BaldingsWorld: I'm laughing and crying. Just saw an interview with a Tawainese doctor that when asked why Taiwan responded well to coro‚Ä¶,[],2020-03-20 16:04:47
419,East Coast,@WhiteHouse @realDonaldTrump The name of this is COVID-19 or the Corona Virus not the fucking Chinese virus you eth‚Ä¶ https://t.co/GDi77Ojkyl,[],2020-03-20 16:04:47
420,,"RT @JStein_WaPo: One of 30 million uninsured Americans gets $35,000 medical bill for coronavirus treatment
https://t.co/Uvm9lk6Qk2",[],2020-03-20 16:04:47
421,"Colorado, USA",RT @profwolff: The gross inequality continuously deepened by capitalism also produces unequal sickness and death rates from Corona for the‚Ä¶,[],2020-03-20 16:04:47
422,"Middlesbrough, England","RT @ioproducer: There was a nasty flu that went round in December / early Jan. I‚Äôm telling you, that was corona. Bare ppl were sick (includ‚Ä¶",[],2020-03-20 16:04:47
423,,Corona better stop playing and get it together before Taurus season. Idc! This is too much!!,[],2020-03-20 16:04:47
424,Dewas India ,RT @BDUTT: Criminal negligence by #KanikaKapoor to not self isolate after return from abroad and host and attend parties instead. Clearly e‚Ä¶,"[{'text': 'KanikaKapoor', 'indices': [34, 47]}]",2020-03-20 16:04:47
425,,"@Martybig84 @EvangelineLilly WHO said the FLU was more contagious than this corona

Right now only 0.002% of the US‚Ä¶ https://t.co/9V6ZSzzwrz",[],2020-03-20 16:04:47
426,Kolkata,"RT @SmokingSkills_: Daughter of an IAS, son of a Kolkata officer, son of Railway official, and a famous elite singer. All these are very in‚Ä¶",[],2020-03-20 16:04:47
427,Around the globe....üö§üö§,RT @neokyma13: There's something strange going on with Turkey. It is refusing to give evidence about the corona virus to WHO. There are rum‚Ä¶,[],2020-03-20 16:04:47
428,CCP,"RT @AndhraBoxOffice: #Corona starts hitting Bollywood.

Singer #KanikaKapoor tests positive for #COVID19. She returned from UK last Sunday,‚Ä¶","[{'text': 'Corona', 'indices': [21, 28]}, {'text': 'KanikaKapoor', 'indices': [63, 76]}, {'text': 'COVID19', 'indices': [96, 104]}]",2020-03-20 16:04:47
429,,"RT @BernieSanders: Right now 87 million Americans are uninsured or underinsured.

Our profit-driven health care system is a danger to our p‚Ä¶",[],2020-03-20 16:04:47
430,"Las Vegas, NV","RT @abbyvesoulis: An uninsured COVID-19 patient just got her medical bill: $34,927.43. @abbyabrams has the story. https://t.co/jOPJJ4VqKG",[],2020-03-20 16:04:47
431,"Louisiana, USA",excuse meü§® https://t.co/R2Y6YnnKFx,[],2020-03-20 16:04:47
432,"Indore, India","RT @theskindoctor13: Shaheen Bagh is still on.

Mosques are open.

MuIIahs are saying Corona won't harm if you read qalma.

Tiktokiye are m‚Ä¶",[],2020-03-20 16:04:47
433,2354 Ocean BLVD / Louisiana,RT @itscesaryo: celebrities making singing videos as corona virus now tops over 230k cases worldwide  https://t.co/HPVjPn2fso,[],2020-03-20 16:04:47
434,#FreeNorthNow #TeamRFLüèâ,RT @IrishEye9: This is why I blocked the little Tory strumpet. https://t.co/LZiX0k6NR5,[],2020-03-20 16:04:47
435,"Juba, south sudan ",RT @hopemuheirwe5: We be practicing methods of scaring away coronaüòÇ https://t.co/lY9FE4JXCQ,[],2020-03-20 16:04:47
436,Kap Cheptii ,RT @bIondiewasabi: this man‚Äôs piss could stop corona,[],2020-03-20 16:04:47
437,I'm a Blue Wave Dem.          ,Coronavirus is panicking Wall Street ‚Äî  but it‚Äôs got investors in Donald Trump‚Äôs second biggest creditor terrified https://t.co/Hf4VhbIfmw,[],2020-03-20 16:04:47
438,,Corona got my mum going crazy https://t.co/TdPboeYyXU,[],2020-03-20 16:04:47
439,"Fort Mitchell, KY",Corona virus is a hoax made up by moms to get their kids to help spring clean - Mackenzie Fessler,[],2020-03-20 16:04:48
440,"Velachery, Chennai","RT @cinemapatti: The Word ""Corono"" comes in #KuttyStory Song...wooow...

ILLUMINATI üòÉ

Problems will come and go konjam chill pannu maapi..‚Ä¶","[{'text': 'KuttyStory', 'indices': [44, 55]}]",2020-03-20 16:04:48
441,Bangalore,RT @ltz_broken: Corona to people :‡Æä‡ÆÆ‡Øç‡Æ™‡ØÅ https://t.co/OE0x8MeuqY,[],2020-03-20 16:04:48
442,"Limoges, France","RT @CandiceBenbow: This is Generation Z. 

I want to name that because folks love calling everybody 40 and under Millennials.

Millennials‚Ä¶",[],2020-03-20 16:04:48
443,Northern Michigan,"RT @CBSNews: ‚ÄúIf I get corona, I get corona. At the end of the day, I'm not gonna let it stop me from partying‚Äù: Spring breakers are still‚Ä¶",[],2020-03-20 16:04:48
444,,RT @FrankFigliuzzi1: Investigate now: Four senators dumped millions in stocks before coronavirus crash ‚Å¶@SenatorBurr‚Å© ‚Å¶@SenFeinstein‚Å© ‚Å¶@Sen‚Ä¶,[],2020-03-20 16:04:48
445,Islamabad,"RT @shazchy09: PMIK: One Corona patient today will mean 7500 after 40 days @ 25 pc increase /day. In 21 more days, the number will be one m‚Ä¶",[],2020-03-20 16:04:48
446,Tucson Arizona,"It is not the Chinese Virus, it is COVID 19/Corona Virus, you racist morons #TrumpRacist #PompeoRacist","[{'text': 'TrumpRacist', 'indices': [76, 88]}, {'text': 'PompeoRacist', 'indices': [89, 102]}]",2020-03-20 16:04:48
447,,"@OfficeofUT sorry. Should be ""u closed all temples due to the danger of Corona"". https://t.co/NJf33w9we4",[],2020-03-20 16:04:48
448,"Coimbatore, India","I have a beautiful face'uh....plz see that'uh...too'uh...üòçüòòüòò

#‡ÆÖ‡Æ©‡Øç‡Æ±‡Øá‡Æö‡Øä‡Æ©‡Øç‡Æ©‡Æ§‡Æ≥‡Æ™‡Æ§‡Æø
#Master https://t.co/RniueS73Bq https://t.co/FLBQT0nupS","[{'text': '‡ÆÖ‡Æ©‡Øç‡Æ±‡Øá‡Æö‡Øä‡Æ©‡Øç‡Æ©‡Æ§‡Æ≥‡Æ™‡Æ§‡Æø', 'indices': [62, 78]}, {'text': 'Master', 'indices': [79, 86]}]",2020-03-20 16:04:48
449,United States,RT @BBRegister: Maine Medical Center announces further visitor restrictions in response to COVID-19 outbreak https://t.co/zBoNQ2RPH9 #COVID‚Ä¶,[],2020-03-20 16:04:48
450,,#coronachainscare Let us not generalize all celebrities. There are some idiots. PM Modi is a saint. Bharat is lucky‚Ä¶ https://t.co/GiyXvA9NMR,"[{'text': 'coronachainscare', 'indices': [0, 17]}]",2020-03-20 16:04:48
451,"Lagos, Nigeria",RT @TheHeadking__: A Nigerian doctor said Chloroquine can be used to treat Corona virus but we all said he‚Äôs talking in the rubbish and tal‚Ä¶,[],2020-03-20 16:04:48
452,+(___),"RT @the_Baaackk: Other viruses:

Corona to the other viruses: https://t.co/IesQECeU8j",[],2020-03-20 16:04:48
453,"The 4 Treasons, Mar-A-Shithole","RT @4everNeverTrump: @SenatorBurr I mean, six days before these sales you wrote this rosy op-ed for Fox News‚Ä¶ but you were relying on actua‚Ä¶",[],2020-03-20 16:04:48
454,Ch√¢ndombl√©,RT @TheHeadking__: A Nigerian doctor said Chloroquine can be used to treat Corona virus but we all said he‚Äôs talking in the rubbish and tal‚Ä¶,[],2020-03-20 16:04:48
455,"St Cloud, MN","RT @BernieSanders: Right now 87 million Americans are uninsured or underinsured.

Our profit-driven health care system is a danger to our p‚Ä¶",[],2020-03-20 16:04:48
456,"Seohara, India",RT @chandansadhu: This lady from #Mohali was tested positive for Corona.These confirmed cases of Corona virus not cooperating with health c‚Ä¶,"[{'text': 'Mohali', 'indices': [33, 40]}]",2020-03-20 16:04:48
457,,@CashApp $camrynnortham things have been very stressful due to corona. i want to help my family as much as i can‚ù§Ô∏è‚ù§Ô∏è,[],2020-03-20 16:04:48
458,United States,"RT @meaganmday: Less than a week ago Joe Biden insisted there‚Äôs no connection between single-payer healthcare and coronavirus, while Chris‚Ä¶",[],2020-03-20 16:04:49
459,,RT @itscesaryo: celebrities making singing videos as corona virus now tops over 230k cases worldwide  https://t.co/HPVjPn2fso,[],2020-03-20 16:04:49
460,,RT @bIondiewasabi: this man‚Äôs piss could stop corona,[],2020-03-20 16:04:49
461,"Desamparados, San Jos√©.","RT @abbyvesoulis: An uninsured COVID-19 patient just got her medical bill: $34,927.43. @abbyabrams has the story. https://t.co/jOPJJ4VqKG",[],2020-03-20 16:04:49
462,"Austin, TX","I honestly believe that there‚Äôs always new viruses, diseases, and bacteria forming. I do think this Corona one is sketch.",[],2020-03-20 16:04:49
463,"Columbus, GA",RT @nicolebyer: Everyone in this looks sick,[],2020-03-20 16:04:49
464,Ethiopia,"RT @joanna_lng: #Ethiopiaye, what's going on? Staff in cafes refuse to serve ferenjis, professors at the Lycee were attacked with stones. A‚Ä¶","[{'text': 'Ethiopiaye', 'indices': [16, 27]}]",2020-03-20 16:04:49
465,,RT @unoffarnab: Not a hospital. This is Cochin International Airport. A section of the solar carport is being utilised for the parking of a‚Ä¶,[],2020-03-20 16:04:49
466,United Kingdom,RT @doglab: This Muslim couple owners of a corner shop in Scotland assembled Corona Virus relief packages for the elderly and those in need‚Ä¶,[],2020-03-20 16:04:49
467,"Lahore, Pakistan","RT @umarsaif: You know how many cases of Corona Virus have been reported by Zimbabwe? 

Exactly 0

That‚Äôs because they don‚Äôt have the testi‚Ä¶",[],2020-03-20 16:04:49
468,,"RT @theskindoctor13: Shaheen Bagh is still on.

Mosques are open.

MuIIahs are saying Corona won't harm if you read qalma.

Tiktokiye are m‚Ä¶",[],2020-03-20 16:04:49
469,,RT @gherbo: WHEN I HEARD KD HAD CORONA VIRUSüòî @nba YALL BETTER GET TO THE BOTTOM OF THIS SHIT ASAP‚ÄºÔ∏è https://t.co/VpU5Q7tRp5,[],2020-03-20 16:04:49
470,"Stockholm, Sverige","Hongkong fever in the 1970's.
Over 1 million dead.
Corona has how many deaths up to today?",[],2020-03-20 16:04:49
471,"CUTTACK, ODISHA, INDIA","RT @MoHFW_INDIA: #CoronaHaregaDeshJeetega 

For the Discharge Policy on #COVID19 case, please click here:
 https://t.co/frF5YDXXeL 

 #Help‚Ä¶","[{'text': 'CoronaHaregaDeshJeetega', 'indices': [17, 41]}, {'text': 'COVID19', 'indices': [72, 80]}]",2020-03-20 16:04:49
472,Prydain,"RT @BethLynch2020: Our healthcare system kills 68K a year from lack of care, I wonder how many will have to die in this pandemic before Ame‚Ä¶",[],2020-03-20 16:04:49
473,,"RT @theskindoctor13: Shaheen Bagh is still on.

Mosques are open.

MuIIahs are saying Corona won't harm if you read qalma.

Tiktokiye are m‚Ä¶",[],2020-03-20 16:04:49
474,zamp√°n,"RT @AOC: We need to cover 100% of the costs of uninsured &amp; underinsured people right now.

Not just Coronavirus bills, either - getting sic‚Ä¶",[],2020-03-20 16:04:49
475,snapchat: ha1fdead,RT @itscesaryo: celebrities making singing videos as corona virus now tops over 230k cases worldwide  https://t.co/HPVjPn2fso,[],2020-03-20 16:04:49
476,,i fr think I had corona last month https://t.co/3jSC23oam3,[],2020-03-20 16:04:49
477,living lavash ‚ú®312,RT @gherbo: WHEN I HEARD KD HAD CORONA VIRUSüòî @nba YALL BETTER GET TO THE BOTTOM OF THIS SHIT ASAP‚ÄºÔ∏è https://t.co/VpU5Q7tRp5,[],2020-03-20 16:04:49
478,,Corona has completely wrecked the plans I had for myself....might be home longer than I expected,[],2020-03-20 16:04:49
479,India,RT @manakgupta: UP police to register FIR against #KanikaKapoor for putting others at risk of #Corona @news24tvchannel,"[{'text': 'KanikaKapoor', 'indices': [50, 63]}, {'text': 'Corona', 'indices': [94, 101]}]",2020-03-20 16:04:49
480,"New Orleans, LA .","RT @MattHintonPhoto: ‚ÄúWon‚Äôt Bow Down to Corona, Don‚Äôt Know How‚Äù Maroon Queen Cherice Harrison-Nelson @queenreesie while remembering father‚Ä¶",[],2020-03-20 16:04:49
481,"Minna, Nigeria","RT @msredlippie: My housemate went for a walk and has been coughing since he got back üòêüòêüòê. House mate cos this corona times, every man for‚Ä¶",[],2020-03-20 16:04:49
482,"The Dirty South, USA",RT @ChipQuasney: @axios Funny that his Feb 7 op-ed on COVID-19 was only full of reassurances: https://t.co/fN5PNYSjvK,[],2020-03-20 16:04:49
483,I invented post-it's ,RT @joshieyamaguchi: corona sis you leaving by may right? https://t.co/vwDdLhmAwz,[],2020-03-20 16:04:49
484,,i will strangle miss corona with my bear hands,[],2020-03-20 16:04:49
485,"Maryland, USA","RT @abbyvesoulis: An uninsured COVID-19 patient just got her medical bill: $34,927.43. @abbyabrams has the story. https://t.co/jOPJJ4VqKG",[],2020-03-20 16:04:49
486,India,RT @chandansadhu: This lady from #Mohali was tested positive for Corona.These confirmed cases of Corona virus not cooperating with health c‚Ä¶,"[{'text': 'Mohali', 'indices': [33, 40]}]",2020-03-20 16:04:49
487,caught up in the afterglow ‚ú®,"RT @GoYourOwnGay: All u fucks need to stay at home cause if I can‚Äôt spend the summer with my friends seeing all time low, ur gonna wish cor‚Ä¶",[],2020-03-20 16:04:50
488,,RT @itscesaryo: celebrities making singing videos as corona virus now tops over 230k cases worldwide  https://t.co/HPVjPn2fso,[],2020-03-20 16:04:50
489,nyc,RT @JoshuaKissi: So the real question is will The Corona Virus cause the housing market to crash? I've been waiting to purchase homes in NY‚Ä¶,[],2020-03-20 16:04:50
490,Cloud 9,How Corona gonna hit everybody thinking they safe with a mask on https://t.co/jutZCIQRbH,[],2020-03-20 16:04:50
491,"Brooklyn, NY","RT @RippleXrpie: 99% deal with the corona virus, while the digital age is getting ready. And if you read this you are one of the 1% who wil‚Ä¶",[],2020-03-20 16:04:50
492,‡ÆÆ‡Æ§‡ØÅ‡Æ∞‡Øà ,"RT @amitandon: Corona has proven that India's  bigger problem is not illiteracy, it is stupidity of literate people",[],2020-03-20 16:04:50
493,"Washington, DC","RT @WIRoBooks: Love in the Time of Corona (or, how to support indies like @busboysandpoets @chbooksdc @IguanaBooks @eastcitybooks @TheIvyBo‚Ä¶",[],2020-03-20 16:04:50
494,"Pacific Grove, California",RT @Phooj: @senatemajldr your wife @SecElaineChao is being called a virus by your so-called President @realDonaldTrump #racist #enough #res‚Ä¶,[],2020-03-20 16:04:50
495,,"RT @narendramodi: The young actors have something to say..

Its time to be 'Zyada Savdhan' and do 'Corona ka Punchnama'! #IndiaFightsCorona‚Ä¶","[{'text': 'IndiaFightsCorona', 'indices': [121, 139]}]",2020-03-20 16:04:50
496,"Chicago, IL",RT @Getthebagcoach: Dawg y‚Äôall funny man..... This Corona got y‚Äôall being creative .. https://t.co/Ax5oFFPlnB,[],2020-03-20 16:04:50
497,"Maryland, USA","RT @AOC: We need to cover 100% of the costs of uninsured &amp; underinsured people right now.

Not just Coronavirus bills, either - getting sic‚Ä¶",[],2020-03-20 16:04:50
498,,Stay Home Vogue (Vogue Corona Parody by Chris Mann) https://t.co/g4lRg8Cl9z via @YouTube,[],2020-03-20 16:04:50
499,...,RT @chandansadhu: This lady from #Mohali was tested positive for Corona.These confirmed cases of Corona virus not cooperating with health c‚Ä¶,"[{'text': 'Mohali', 'indices': [33, 40]}]",2020-03-20 16:04:50
500,Where we built a women's wall,"RT @sbjayesh: Remember Adani got 5 airports ?
Without any prior experience? Now a company without any prior knowledge  in viral testing got‚Ä¶",[],2020-03-20 16:04:50
501,"Twinsburg, OH","OUR Secretary of State just called the Corona virus the ""Chinese"" virus.  What an ASS!!!",[],2020-03-20 16:04:50
502,intergalactic¬†ocean,Our maid was worried after we told her that you should stay at your home for next two weeks due to corona. Even aft‚Ä¶ https://t.co/xiZOWWeanW,[],2020-03-20 16:04:50
503,"Tebet, Indonesia",RT @mkusumawijaya: Thi site of Jakarta #Covid19 response team is now bilingual (EN and ID). https://t.co/hmBRax5RDl cc. @GermanAmbJaka @Dub‚Ä¶,"[{'text': 'Covid19', 'indices': [39, 47]}]",2020-03-20 16:04:50
504,"San Diego,CA-Damascus-Beirut",RT @itscesaryo: celebrities making singing videos as corona virus now tops over 230k cases worldwide  https://t.co/HPVjPn2fso,[],2020-03-20 16:04:50
505,"Rasipuram, India","RT @savukku: This apparently with reference to the second Corona patient now admitted in Chennai, who travelled from Delhi in Tamil Nadu Ex‚Ä¶",[],2020-03-20 16:04:50
506,,RT @zairfulradzuan: everyone coming out of corona as barista,[],2020-03-20 16:04:50
507,Jacksonville,"RT @BenjaminDiskin: Rapunzel was quarantined in her home in the kingdom of Corona. Congrats, everybody! We're all Disney princesses!",[],2020-03-20 16:04:50
508,"Willis, TX","RT @oxojessicaa: Idc I‚Äôm telling my kids I survived 
- 9/11
- 2012 
- ww3 
- Ebola 
-corona virus 
- Donald Trump
- toilet paper shortage
-‚Ä¶",[],2020-03-20 16:04:50
509,"Karachi, Pakistan",RT @junaidakram83: The very reason we cant afford a Corona lockdown is the same reason we cant afford a war but woh wali baat samajh nahi a‚Ä¶,[],2020-03-20 16:04:50
510,"London, England",RT @r1finesse_: tryna do up cocktails with a sweet one but corona postponed my plans,[],2020-03-20 16:04:51
511,Over the World ,"RT @abbyvesoulis: An uninsured COVID-19 patient just got her medical bill: $34,927.43. @abbyabrams has the story. https://t.co/jOPJJ4VqKG",[],2020-03-20 16:04:51
512,"Jodhpur, Rajasthan","RT @ashokgehlot51: Much concerned about Vasundhara ji and her son &amp; MP, Dushyant ji, who also attended a dinner with artist #KanikaKapoor,‚Ä¶","[{'text': 'KanikaKapoor', 'indices': [128, 141]}]",2020-03-20 16:04:51
513,"Khandwa, India",#ShaheenBaghVSJantaCurfew |  They will be responsible for spread of Corona Virus.,"[{'text': 'ShaheenBaghVSJantaCurfew', 'indices': [0, 25]}]",2020-03-20 16:04:51
514,,"RT @BillKristol: Those who could ‚Äústand up to Trump and protect the American people...were too worried about their pocketbooks, access, or‚Ä¶",[],2020-03-20 16:04:51
515,Union Teritory J K,"RT @amitandon: Corona has proven that India's  bigger problem is not illiteracy, it is stupidity of literate people",[],2020-03-20 16:04:51
516,,RT @joshieyamaguchi: corona sis you leaving by may right? https://t.co/vwDdLhmAwz,[],2020-03-20 16:04:51
517,Canada ,Selfish selfish selfish!! Damn idiots!! Shut the city down!! #coronavirus #COVID19 https://t.co/SvOcxlC7m8,"[{'text': 'coronavirus', 'indices': [61, 73]}, {'text': 'COVID19', 'indices': [74, 82]}]",2020-03-20 16:04:51
518,"India,‡§≠‡§æ‡§∞‡§§üáÆüá≥",RT @manakgupta: UP police to register FIR against #KanikaKapoor for putting others at risk of #Corona @news24tvchannel,"[{'text': 'KanikaKapoor', 'indices': [50, 63]}, {'text': 'Corona', 'indices': [94, 101]}]",2020-03-20 16:04:51
519,,"RT @AGenieSaysWhat: FUCKING SHARE THIS, SHARE THIS SHARE THIS!!!!!",[],2020-03-20 16:04:51
520,,"RT @CandiceBenbow: This is Generation Z. 

I want to name that because folks love calling everybody 40 and under Millennials.

Millennials‚Ä¶",[],2020-03-20 16:04:51
521,Based World,RT @iamdesibanks: When you yell corona virus at the party but you playing.,[],2020-03-20 16:04:51
522,"Boston, MA","RT @abbyvesoulis: An uninsured COVID-19 patient just got her medical bill: $34,927.43. @abbyabrams has the story. https://t.co/jOPJJ4VqKG",[],2020-03-20 16:04:51
523,United States,"RT @AGenieSaysWhat: FUCKING SHARE THIS, SHARE THIS SHARE THIS!!!!! https://t.co/iGpFDhTcdm",[],2020-03-20 16:04:51
524,India,"Doctor From AIIMS explaining how we are in danger with respect to #Corona.
Anchor cuts in and asks ""Do you think‚Ä¶ https://t.co/j7JUuLc5bP","[{'text': 'Corona', 'indices': [66, 73]}]",2020-03-20 16:04:51
525,Bharat,"RT @muglikar_: Commie Keralities want their CM to be PM for 2 months because apparently he is fighting Corona virus in a better way. üòπüòπ

Th‚Ä¶",[],2020-03-20 16:04:51
526,,"Fight against CORONA. Prestige Shantiniketan Whitefield Bangalore. 
@narendramodi
@AnupamPKher
@SrBachchan‚Ä¶ https://t.co/50Qno9QtMv",[],2020-03-20 16:04:51
527,Nigeria,@Alayonimiii And we all are going for Corona General Market...,[],2020-03-20 16:04:51
528,,RT @Vijayabaskarofl: #CoronaInspection: Visited Chennai Central Railway Station to check the Corona Screening Activities. District Collecto‚Ä¶,"[{'text': 'CoronaInspection', 'indices': [21, 38]}]",2020-03-20 16:04:52
529,Ayalur in Palakkad (Kerala),RT @manakgupta: UP police to register FIR against #KanikaKapoor for putting others at risk of #Corona @news24tvchannel,"[{'text': 'KanikaKapoor', 'indices': [50, 63]}, {'text': 'Corona', 'indices': [94, 101]}]",2020-03-20 16:04:52
530,India,RT @smritiirani: Much appreciated @Uppolice dhanyawad @myogiadityanath ji üôè,[],2020-03-20 16:04:52
531,Philly,It‚Äôs cheaper to just die. Omg https://t.co/Ns8x2D5b0w,[],2020-03-20 16:04:52
532,Bharat,RT @rishibagree: @afreenusman1 Dentists doing #corona treatment ????,"[{'text': 'corona', 'indices': [46, 53]}]",2020-03-20 16:04:52
533,Wadi el-Yawant.,"https://t.co/60410jujcr

No fucks given.",[],2020-03-20 16:04:52
534,"overpass, screaming @ the cars","RT @ioproducer: There was a nasty flu that went round in December / early Jan. I‚Äôm telling you, that was corona. Bare ppl were sick (includ‚Ä¶",[],2020-03-20 16:04:52
535,"Thousand Oaks, Ca","It‚Äôs Corona Virus, you effing aholes. ü§¨",[],2020-03-20 16:04:52
536,"Central, LA",Who else thinks Hollywood is gonna make a movie about all this wuhan Chinese corona virus stuff? #ChineseWuhanVirus‚Ä¶ https://t.co/Y156oKonTZ,"[{'text': 'ChineseWuhanVirus', 'indices': [97, 115]}]",2020-03-20 16:04:52
537,Kisumu,RT @ItsJacksonKE: Jebel Munene the County Commissioner send Cops to chase away residents who were against a gathering which the ministry of‚Ä¶,[],2020-03-20 16:04:52
538,"New Jersey, USA",RT @hey_ciara: Me once I touch down on my first trip post-corona  https://t.co/5W0uK2qVXD,[],2020-03-20 16:04:52
539,,"RT @abbyvesoulis: An uninsured COVID-19 patient just got her medical bill: $34,927.43. @abbyabrams has the story. https://t.co/jOPJJ4VqKG",[],2020-03-20 16:04:52
540,,RT @MLKChefLean: Sharing this because corona  https://t.co/ofBDQE58RJ,[],2020-03-20 16:04:52
541,,RT @gherbo: WHEN I HEARD KD HAD CORONA VIRUSüòî @nba YALL BETTER GET TO THE BOTTOM OF THIS SHIT ASAP‚ÄºÔ∏è https://t.co/VpU5Q7tRp5,[],2020-03-20 16:04:52
542,"Delhi, India (‡§¶‡§ø‡§≤ ‡§∏‡•á ‡§ï‡§æ‡§∂‡•Ä ‡§Æ‡•á‡§Ç)","RT @Shehzad_Ind: Long time back this person broke off all relations with me because I revolted against dynasty &amp; @RahulGandhi 

TODAY I BRE‚Ä¶",[],2020-03-20 16:04:52
543,"Washington, DC","RT @meaganmday: Less than a week ago Joe Biden insisted there‚Äôs no connection between single-payer healthcare and coronavirus, while Chris‚Ä¶",[],2020-03-20 16:04:52
544,,"@BrianEntin Help the medical Teams ...In order to combat the corona virus, we suggest listening to all three freque‚Ä¶ https://t.co/rvD8Ib77iA",[],2020-03-20 16:04:52
545,"Mumbai, Maharashtra","RT @amitandon: Corona has proven that India's  bigger problem is not illiteracy, it is stupidity of literate people",[],2020-03-20 16:04:52
546,"Oak Brook, IL","RT @abbyvesoulis: An uninsured COVID-19 patient just got her medical bill: $34,927.43. @abbyabrams has the story. https://t.co/jOPJJ4VqKG",[],2020-03-20 16:04:52
547,,RT @MAXMusic: CORONA BEAT CHALLENGE https://t.co/pPrOM06MmB,[],2020-03-20 16:04:52
548,New Orleans,"RT @abbyvesoulis: An uninsured COVID-19 patient just got her medical bill: $34,927.43. @abbyabrams has the story. https://t.co/jOPJJ4VqKG",[],2020-03-20 16:04:52
549,‡§Ö‡§™‡§®‡•Ä ‡§¶‡•Å‡§®‡§ø‡§Ø‡§æ ‡§Æ‡•á‡§Ç ,"RT @amitandon: Corona has proven that India's  bigger problem is not illiteracy, it is stupidity of literate people",[],2020-03-20 16:04:52
550,‡Æ§‡Æ∞‡ØÅ‡ÆÆ‡Æ™‡ØÅ‡Æ∞·≠Ñüòé,"RT @Vijayabaskarofl: #Corona Awareness: Soap or Hand Sanitizer, what should I use to wash my hands? #IwashedmyHands #WashYourHands #TN_Toge‚Ä¶","[{'text': 'Corona', 'indices': [21, 28]}, {'text': 'IwashedmyHands', 'indices': [100, 115]}, {'text': 'WashYourHands', 'indices': [116, 130]}]",2020-03-20 16:04:52
551,,"RT @theskindoctor13: Shaheen Bagh is still on.

Mosques are open.

MuIIahs are saying Corona won't harm if you read qalma.

Tiktokiye are m‚Ä¶",[],2020-03-20 16:04:52
552,"Arkansas, USA",Are kids or pets more likely to get corona ??,[],2020-03-20 16:04:52
